date,mode,pcs
1981-05-17,0,268.03964
1981-05-17,1,752.04956
1981-05-17,2,379.53464
1981-05-17,3,-549.0671
1981-05-17,4,46.396217
1981-05-18,0,519.6767
1981-05-18,1,542.2856
1981-05-18,2,43.63123
1981-05-18,3,-202.45102
1981-05-18,4,202.73141
1981-05-19,0,412.8614
1981-05-19,1,717.837
1981-05-19,2,-192.53914
1981-05-19,3,-158.96619
1981-05-19,4,150.6906
1981-05-20,0,283.76596
1981-05-20,1,841.3784
1981-05-20,2,-267.96948
1981-05-20,3,-248.62997
1981-05-20,4,92.92201
1981-05-21,0,80.842575
1981-05-21,1,677.4131
1981-05-21,2,-172.06946
1981-05-21,3,-429.99362
1981-05-21,4,92.15784
1981-05-22,0,103.22594
1981-05-22,1,435.49982
1981-05-22,2,-3.1037734
1981-05-22,3,-471.15408
1981-05-22,4,-129.61156
1981-05-23,0,70.48162
1981-05-23,1,149.36122
1981-05-23,2,9.076543
1981-05-23,3,-567.8671
1981-05-23,4,-95.396484
1981-05-24,0,37.14009
1981-05-24,1,-47.011524
1981-05-24,2,93.10527
1981-05-24,3,-477.5543
1981-05-24,4,-162.64552
1981-05-25,0,-61.075768
1981-05-25,1,-89.346214
1981-05-25,2,189.39664
1981-05-25,3,-158.80727
1981-05-25,4,-191.48909
1981-05-26,0,-80.8841
1981-05-26,1,-52.098873
1981-05-26,2,159.22968
1981-05-26,3,65.462845
1981-05-26,4,-130.4466
1981-05-27,0,-100.80287
1981-05-27,1,-48.744404
1981-05-27,2,21.232664
1981-05-27,3,-71.04899
1981-05-27,4,-40.271652
1981-05-28,0,-98.3298
1981-05-28,1,-271.8681
1981-05-28,2,-43.903694
1981-05-28,3,-229.34496
1981-05-28,4,-67.418396
1981-05-29,0,-47.044777
1981-05-29,1,-446.79056
1981-05-29,2,-23.80396
1981-05-29,3,-220.54997
1981-05-29,4,-53.777283
1981-05-30,0,88.61327
1981-05-30,1,-380.29636
1981-05-30,2,139.42822
1981-05-30,3,-34.71119
1981-05-30,4,6.043817
1981-05-31,0,185.41676
1981-05-31,1,-210.64392
1981-05-31,2,234.12604
1981-05-31,3,157.5748
1981-05-31,4,134.5761
1981-06-01,0,214.988
1981-06-01,1,-41.869465
1981-06-01,2,176.92873
1981-06-01,3,0.38004872
1981-06-01,4,380.13144
1982-05-17,0,-346.31714
1982-05-17,1,-50.921932
1982-05-17,2,-13.023598
1982-05-17,3,-325.03122
1982-05-17,4,-136.24423
1982-05-18,0,-336.8248
1982-05-18,1,308.99948
1982-05-18,2,-55.719467
1982-05-18,3,-183.55367
1982-05-18,4,-229.19534
1982-05-19,0,-216.77438
1982-05-19,1,235.15688
1982-05-19,2,156.67636
1982-05-19,3,-208.00629
1982-05-19,4,-131.2476
1982-05-20,0,-5.5473304
1982-05-20,1,-68.01283
1982-05-20,2,136.01045
1982-05-20,3,-160.15187
1982-05-20,4,48.052174
1982-05-21,0,183.04868
1982-05-21,1,-65.00189
1982-05-21,2,-93.22297
1982-05-21,3,-175.87753
1982-05-21,4,96.53497
1982-05-22,0,32.407204
1982-05-22,1,-121.96228
1982-05-22,2,-83.42058
1982-05-22,3,-182.17583
1982-05-22,4,175.75114
1982-05-23,0,-148.73106
1982-05-23,1,-300.5506
1982-05-23,2,13.039466
1982-05-23,3,-197.20963
1982-05-23,4,3.2933402
1982-05-24,0,-207.5488
1982-05-24,1,-626.441
1982-05-24,2,117.09574
1982-05-24,3,-432.32904
1982-05-24,4,80.60243
1982-05-25,0,-93.01994
1982-05-25,1,-621.74927
1982-05-25,2,78.43527
1982-05-25,3,-588.2943
1982-05-25,4,153.95163
1982-05-26,0,-133.63979
1982-05-26,1,-133.8821
1982-05-26,2,93.00445
1982-05-26,3,-518.7255
1982-05-26,4,-113.156364
1982-05-27,0,-365.04047
1982-05-27,1,240.4247
1982-05-27,2,161.4363
1982-05-27,3,-133.2516
1982-05-27,4,-365.8145
1982-05-28,0,-567.2507
1982-05-28,1,214.97745
1982-05-28,2,100.0611
1982-05-28,3,-148.0549
1982-05-28,4,-210.17538
1982-05-29,0,-605.4113
1982-05-29,1,130.02945
1982-05-29,2,274.24994
1982-05-29,3,-98.88921
1982-05-29,4,-230.71161
1982-05-30,0,-461.23758
1982-05-30,1,240.88559
1982-05-30,2,355.96594
1982-05-30,3,32.370148
1982-05-30,4,-120.70332
1982-05-31,0,-349.3802
1982-05-31,1,-73.67553
1982-05-31,2,331.14935
1982-05-31,3,28.730875
1982-05-31,4,-183.59685
1982-06-01,0,-167.2538
1982-06-01,1,17.27098
1982-06-01,2,304.84155
1982-06-01,3,342.74268
1982-06-01,4,-227.63048
1983-05-17,0,920.809
1983-05-17,1,695.1569
1983-05-17,2,748.52954
1983-05-17,3,-322.04758
1983-05-17,4,144.10216
1983-05-18,0,691.23584
1983-05-18,1,292.44046
1983-05-18,2,486.39722
1983-05-18,3,-542.1264
1983-05-18,4,220.26315
1983-05-19,0,120.39288
1983-05-19,1,-11.260784
1983-05-19,2,772.75336
1983-05-19,3,-511.05273
1983-05-19,4,32.5042
1983-05-20,0,116.38508
1983-05-20,1,-315.73218
1983-05-20,2,875.5093
1983-05-20,3,-345.07474
1983-05-20,4,176.27559
1983-05-21,0,218.16556
1983-05-21,1,-421.0604
1983-05-21,2,768.2173
1983-05-21,3,-193.95638
1983-05-21,4,236.24367
1983-05-22,0,177.00226
1983-05-22,1,-315.17328
1983-05-22,2,682.85394
1983-05-22,3,-93.105446
1983-05-22,4,126.23723
1983-05-23,0,485.1105
1983-05-23,1,-475.37332
1983-05-23,2,586.2211
1983-05-23,3,-10.255207
1983-05-23,4,14.1929245
1983-05-24,0,705.44586
1983-05-24,1,-428.98175
1983-05-24,2,210.12187
1983-05-24,3,97.4413
1983-05-24,4,-29.764544
1983-05-25,0,747.7267
1983-05-25,1,-464.53375
1983-05-25,2,-20.600445
1983-05-25,3,67.15735
1983-05-25,4,-45.434162
1983-05-26,0,887.07587
1983-05-26,1,-358.16226
1983-05-26,2,21.928186
1983-05-26,3,-10.967669
1983-05-26,4,-151.18402
1983-05-27,0,944.1528
1983-05-27,1,-305.49533
1983-05-27,2,-198.38
1983-05-27,3,-110.15607
1983-05-27,4,-242.14354
1983-05-28,0,814.5769
1983-05-28,1,-560.0298
1983-05-28,2,-370.3079
1983-05-28,3,-160.30867
1983-05-28,4,-4.1680913
1983-05-29,0,949.74054
1983-05-29,1,-774.8494
1983-05-29,2,-133.6594
1983-05-29,3,-16.099108
1983-05-29,4,186.3523
1983-05-30,0,1028.3822
1983-05-30,1,-547.94324
1983-05-30,2,331.3133
1983-05-30,3,-95.05455
1983-05-30,4,-232.41617
1983-05-31,0,1047.9127
1983-05-31,1,64.89916
1983-05-31,2,580.1144
1983-05-31,3,-289.2296
1983-05-31,4,-451.44724
1983-06-01,0,902.1062
1983-06-01,1,628.39856
1983-06-01,2,542.15125
1983-06-01,3,-223.90755
1983-06-01,4,-225.94319
1984-05-17,0,334.66016
1984-05-17,1,777.5114
1984-05-17,2,-732.3588
1984-05-17,3,-339.77185
1984-05-17,4,-68.698875
1984-05-18,0,24.968582
1984-05-18,1,181.1602
1984-05-18,2,-512.95807
1984-05-18,3,-201.44592
1984-05-18,4,1.8420588
1984-05-19,0,208.9666
1984-05-19,1,-303.58755
1984-05-19,2,-237.62988
1984-05-19,3,-74.008385
1984-05-19,4,0.61705047
1984-05-20,0,445.87985
1984-05-20,1,-197.5677
1984-05-20,2,-105.60413
1984-05-20,3,158.46523
1984-05-20,4,-115.73172
1984-05-21,0,181.51245
1984-05-21,1,175.84499
1984-05-21,2,105.70703
1984-05-21,3,272.85974
1984-05-21,4,-291.54044
1984-05-22,0,-271.49048
1984-05-22,1,29.918285
1984-05-22,2,532.85443
1984-05-22,3,286.598
1984-05-22,4,-365.39917
1984-05-23,0,-108.31757
1984-05-23,1,-553.75287
1984-05-23,2,432.8141
1984-05-23,3,773.9882
1984-05-23,4,-250.64397
1984-05-24,0,217.886
1984-05-24,1,-186.12848
1984-05-24,2,-170.15155
1984-05-24,3,848.05975
1984-05-24,4,6.1711607
1984-05-25,0,-126.7599
1984-05-25,1,22.795025
1984-05-25,2,310.9306
1984-05-25,3,583.7723
1984-05-25,4,76.82113
1984-05-26,0,1.1754478
1984-05-26,1,-141.87451
1984-05-26,2,800.3668
1984-05-26,3,544.26447
1984-05-26,4,-93.36544
1984-05-27,0,347.1716
1984-05-27,1,-299.39612
1984-05-27,2,622.0272
1984-05-27,3,517.1035
1984-05-27,4,250.25545
1984-05-28,0,230.50818
1984-05-28,1,-796.88043
1984-05-28,2,304.54602
1984-05-28,3,274.71658
1984-05-28,4,365.42233
1984-05-29,0,209.6776
1984-05-29,1,-1118.6478
1984-05-29,2,88.35194
1984-05-29,3,283.76877
1984-05-29,4,76.70466
1984-05-30,0,439.2454
1984-05-30,1,-863.8586
1984-05-30,2,-102.709564
1984-05-30,3,281.44254
1984-05-30,4,-262.54465
1984-05-31,0,466.97775
1984-05-31,1,-142.45486
1984-05-31,2,-335.47406
1984-05-31,3,386.66953
1984-05-31,4,-420.39468
1984-06-01,0,323.32767
1984-06-01,1,154.13536
1984-06-01,2,-332.95435
1984-06-01,3,108.34729
1984-06-01,4,-260.60516
1985-05-17,0,636.5202
1985-05-17,1,27.6029
1985-05-17,2,-215.67738
1985-05-17,3,-231.10164
1985-05-17,4,-188.53261
1985-05-18,0,1332.8453
1985-05-18,1,339.5406
1985-05-18,2,-260.73724
1985-05-18,3,-417.08194
1985-05-18,4,-229.1397
1985-05-19,0,1416.6185
1985-05-19,1,576.90173
1985-05-19,2,-73.738106
1985-05-19,3,-497.61496
1985-05-19,4,-68.931694
1985-05-20,0,828.8873
1985-05-20,1,480.26486
1985-05-20,2,308.1907
1985-05-20,3,-194.57759
1985-05-20,4,199.13849
1985-05-21,0,437.55435
1985-05-21,1,-68.19428
1985-05-21,2,331.08795
1985-05-21,3,-56.258495
1985-05-21,4,193.19838
1985-05-22,0,274.90262
1985-05-22,1,-380.9539
1985-05-22,2,-37.09335
1985-05-22,3,-231.22702
1985-05-22,4,214.88222
1985-05-23,0,233.56148
1985-05-23,1,-435.6831
1985-05-23,2,-142.05649
1985-05-23,3,-195.52785
1985-05-23,4,153.00394
1985-05-24,0,339.43884
1985-05-24,1,-369.77927
1985-05-24,2,-374.9236
1985-05-24,3,-120.53151
1985-05-24,4,52.251907
1985-05-25,0,380.52884
1985-05-25,1,-192.215
1985-05-25,2,-377.13626
1985-05-25,3,-47.04625
1985-05-25,4,-84.558266
1985-05-26,0,458.8771
1985-05-26,1,201.9419
1985-05-26,2,-275.41733
1985-05-26,3,-37.83928
1985-05-26,4,-10.995366
1985-05-27,0,234.70761
1985-05-27,1,311.89233
1985-05-27,2,-2.484272
1985-05-27,3,57.040936
1985-05-27,4,27.662825
1985-05-28,0,200.71758
1985-05-28,1,381.43576
1985-05-28,2,-56.27754
1985-05-28,3,282.02744
1985-05-28,4,-41.457104
1985-05-29,0,157.16446
1985-05-29,1,561.3269
1985-05-29,2,-183.95227
1985-05-29,3,364.33557
1985-05-29,4,-6.626348
1985-05-30,0,-43.25145
1985-05-30,1,506.8068
1985-05-30,2,2.9385958
1985-05-30,3,136.06451
1985-05-30,4,-7.8136325
1985-05-31,0,-58.028767
1985-05-31,1,482.53998
1985-05-31,2,273.80737
1985-05-31,3,146.26945
1985-05-31,4,111.85831
1985-06-01,0,130.179
1985-06-01,1,533.6036
1985-06-01,2,336.74005
1985-06-01,3,373.44458
1985-06-01,4,273.42627
1986-05-17,0,-266.30978
1986-05-17,1,-237.5078
1986-05-17,2,466.35913
1986-05-17,3,-251.70514
1986-05-17,4,-61.619003
1986-05-18,0,32.082653
1986-05-18,1,-441.89154
1986-05-18,2,431.8906
1986-05-18,3,-193.61357
1986-05-18,4,-218.28017
1986-05-19,0,126.990845
1986-05-19,1,-383.854
1986-05-19,2,339.3082
1986-05-19,3,-74.531944
1986-05-19,4,-391.51047
1986-05-20,0,46.1257
1986-05-20,1,-154.87158
1986-05-20,2,54.828777
1986-05-20,3,60.2125
1986-05-20,4,-571.5908
1986-05-21,0,17.86988
1986-05-21,1,287.9665
1986-05-21,2,-102.941895
1986-05-21,3,208.5351
1986-05-21,4,-685.8948
1986-05-22,0,60.366142
1986-05-22,1,596.867
1986-05-22,2,-15.52836
1986-05-22,3,48.84364
1986-05-22,4,-753.3493
1986-05-23,0,117.49664
1986-05-23,1,412.4425
1986-05-23,2,121.17946
1986-05-23,3,-199.72136
1986-05-23,4,-634.5024
1986-05-24,0,21.816769
1986-05-24,1,51.019688
1986-05-24,2,56.885586
1986-05-24,3,-198.86557
1986-05-24,4,-338.27853
1986-05-25,0,5.735786
1986-05-25,1,-572.5484
1986-05-25,2,-173.32695
1986-05-25,3,-243.64027
1986-05-25,4,-139.87115
1986-05-26,0,-67.176414
1986-05-26,1,-807.5597
1986-05-26,2,-304.40698
1986-05-26,3,-356.0429
1986-05-26,4,-308.13464
1986-05-27,0,-199.26376
1986-05-27,1,-672.9128
1986-05-27,2,-344.5804
1986-05-27,3,-518.36584
1986-05-27,4,-341.05746
1986-05-28,0,-117.26597
1986-05-28,1,-630.55054
1986-05-28,2,-340.40366
1986-05-28,3,-537.80884
1986-05-28,4,-78.86053
1986-05-29,0,-280.96295
1986-05-29,1,-843.846
1986-05-29,2,-484.31982
1986-05-29,3,-684.5142
1986-05-29,4,121.491066
1986-05-30,0,-149.50378
1986-05-30,1,-969.6966
1986-05-30,2,-434.4356
1986-05-30,3,-553.2693
1986-05-30,4,325.8566
1986-05-31,0,139.76506
1986-05-31,1,-868.10535
1986-05-31,2,-394.89755
1986-05-31,3,-469.68008
1986-05-31,4,444.2761
1986-06-01,0,257.53406
1986-06-01,1,-748.8665
1986-06-01,2,-254.59238
1986-06-01,3,-416.09726
1986-06-01,4,437.16306
1987-05-17,0,-204.1198
1987-05-17,1,-0.4765308
1987-05-17,2,-380.98434
1987-05-17,3,-221.2527
1987-05-17,4,271.00256
1987-05-18,0,-282.52704
1987-05-18,1,236.63445
1987-05-18,2,-79.49013
1987-05-18,3,-117.32721
1987-05-18,4,330.01666
1987-05-19,0,-273.5041
1987-05-19,1,551.74817
1987-05-19,2,-88.574265
1987-05-19,3,-149.74808
1987-05-19,4,183.63849
1987-05-20,0,-584.20526
1987-05-20,1,650.82556
1987-05-20,2,-0.6444102
1987-05-20,3,-379.25262
1987-05-20,4,105.46007
1987-05-21,0,-847.4545
1987-05-21,1,586.8884
1987-05-21,2,47.201397
1987-05-21,3,-451.03867
1987-05-21,4,42.076046
1987-05-22,0,-970.3135
1987-05-22,1,216.1021
1987-05-22,2,139.23442
1987-05-22,3,-119.507164
1987-05-22,4,50.60081
1987-05-23,0,-875.11523
1987-05-23,1,43.162678
1987-05-23,2,-42.19343
1987-05-23,3,79.412926
1987-05-23,4,261.8035
1987-05-24,0,-727.6285
1987-05-24,1,40.24068
1987-05-24,2,-31.84142
1987-05-24,3,-39.77159
1987-05-24,4,205.56847
1987-05-25,0,-712.49817
1987-05-25,1,268.17032
1987-05-25,2,83.95704
1987-05-25,3,-176.10669
1987-05-25,4,128.31143
1987-05-26,0,-918.4074
1987-05-26,1,590.5189
1987-05-26,2,233.46678
1987-05-26,3,-375.67953
1987-05-26,4,155.51599
1987-05-27,0,-1017.623
1987-05-27,1,445.58844
1987-05-27,2,274.4811
1987-05-27,3,-395.8988
1987-05-27,4,149.76755
1987-05-28,0,-1052.4409
1987-05-28,1,271.96887
1987-05-28,2,272.968
1987-05-28,3,-382.70538
1987-05-28,4,77.145294
1987-05-29,0,-949.56024
1987-05-29,1,45.139954
1987-05-29,2,180.95435
1987-05-29,3,-235.65242
1987-05-29,4,42.783367
1987-05-30,0,-889.6558
1987-05-30,1,-80.01069
1987-05-30,2,113.15343
1987-05-30,3,-128.33653
1987-05-30,4,5.910303
1987-05-31,0,-719.84906
1987-05-31,1,-43.887962
1987-05-31,2,16.978727
1987-05-31,3,171.45972
1987-05-31,4,-240.14644
1987-06-01,0,-593.29755
1987-06-01,1,-91.06807
1987-06-01,2,152.16159
1987-06-01,3,186.17375
1987-06-01,4,-185.37125
1988-05-17,0,292.17557
1988-05-17,1,398.29272
1988-05-17,2,-400.59717
1988-05-17,3,327.1289
1988-05-17,4,-383.23944
1988-05-18,0,-151.07713
1988-05-18,1,434.6043
1988-05-18,2,-285.83124
1988-05-18,3,-193.53441
1988-05-18,4,-392.7707
1988-05-19,0,-400.85056
1988-05-19,1,126.51525
1988-05-19,2,-75.79545
1988-05-19,3,-524.0279
1988-05-19,4,-557.1658
1988-05-20,0,-267.64066
1988-05-20,1,-136.68091
1988-05-20,2,109.230865
1988-05-20,3,-648.5406
1988-05-20,4,-509.02347
1988-05-21,0,-144.3282
1988-05-21,1,-397.6351
1988-05-21,2,160.17369
1988-05-21,3,-558.5435
1988-05-21,4,-343.9413
1988-05-22,0,10.687692
1988-05-22,1,-591.6984
1988-05-22,2,78.27352
1988-05-22,3,-464.74796
1988-05-22,4,-253.79044
1988-05-23,0,-29.024778
1988-05-23,1,-331.22958
1988-05-23,2,-127.50885
1988-05-23,3,-322.13898
1988-05-23,4,-279.947
1988-05-24,0,352.52524
1988-05-24,1,-146.23973
1988-05-24,2,-96.82462
1988-05-24,3,-55.811897
1988-05-24,4,-42.517982
1988-05-25,0,562.71765
1988-05-25,1,-45.654137
1988-05-25,2,-289.84833
1988-05-25,3,34.094376
1988-05-25,4,12.4433565
1988-05-26,0,485.81226
1988-05-26,1,-125.71049
1988-05-26,2,-565.92896
1988-05-26,3,-19.986483
1988-05-26,4,-191.88098
1988-05-27,0,38.925144
1988-05-27,1,-15.582182
1988-05-27,2,-429.80847
1988-05-27,3,178.43205
1988-05-27,4,-60.56872
1988-05-28,0,-356.1481
1988-05-28,1,-39.60802
1988-05-28,2,-143.28589
1988-05-28,3,79.89794
1988-05-28,4,-228.43459
1988-05-29,0,-526.7542
1988-05-29,1,560.6255
1988-05-29,2,-326.97437
1988-05-29,3,204.99574
1988-05-29,4,-419.35062
1988-05-30,0,-799.5535
1988-05-30,1,831.2787
1988-05-30,2,-3.6700091
1988-05-30,3,-467.56363
1988-05-30,4,-120.44427
1988-05-31,0,-889.06573
1988-05-31,1,325.26196
1988-05-31,2,-70.258995
1988-05-31,3,-608.6258
1988-05-31,4,18.358986
1988-06-01,0,-633.0213
1988-06-01,1,220.5216
1988-06-01,2,-279.7019
1988-06-01,3,-182.41618
1988-06-01,4,-65.661476
1989-05-17,0,-96.80357
1989-05-17,1,431.49997
1989-05-17,2,142.86421
1989-05-17,3,-799.9528
1989-05-17,4,-339.7106
1989-05-18,0,-516.63824
1989-05-18,1,347.7085
1989-05-18,2,-46.259563
1989-05-18,3,-220.77185
1989-05-18,4,-506.79596
1989-05-19,0,-719.72516
1989-05-19,1,191.96832
1989-05-19,2,135.02806
1989-05-19,3,-22.927542
1989-05-19,4,-573.75684
1989-05-20,0,-411.39175
1989-05-20,1,-161.21004
1989-05-20,2,304.18274
1989-05-20,3,217.73119
1989-05-20,4,-449.45337
1989-05-21,0,-64.428795
1989-05-21,1,-103.89013
1989-05-21,2,62.002323
1989-05-21,3,541.58936
1989-05-21,4,-318.06052
1989-05-22,0,95.07222
1989-05-22,1,103.211784
1989-05-22,2,-60.984478
1989-05-22,3,553.3939
1989-05-22,4,-177.02905
1989-05-23,0,90.94663
1989-05-23,1,222.32849
1989-05-23,2,-176.32278
1989-05-23,3,685.1938
1989-05-23,4,-291.6709
1989-05-24,0,-23.106949
1989-05-24,1,596.4576
1989-05-24,2,-98.06369
1989-05-24,3,738.2231
1989-05-24,4,-439.1324
1989-05-25,0,-59.924873
1989-05-25,1,634.31604
1989-05-25,2,403.48264
1989-05-25,3,360.37384
1989-05-25,4,-226.28525
1989-05-26,0,-64.27382
1989-05-26,1,204.6822
1989-05-26,2,853.74225
1989-05-26,3,317.46878
1989-05-26,4,-52.83595
1989-05-27,0,-52.131424
1989-05-27,1,-42.15567
1989-05-27,2,424.68057
1989-05-27,3,675.3689
1989-05-27,4,164.88193
1989-05-28,0,-6.482627
1989-05-28,1,253.5272
1989-05-28,2,-191.99474
1989-05-28,3,691.5417
1989-05-28,4,331.34332
1989-05-29,0,-322.86902
1989-05-29,1,271.08533
1989-05-29,2,-327.30447
1989-05-29,3,410.6657
1989-05-29,4,331.50397
1989-05-30,0,-531.9745
1989-05-30,1,88.15575
1989-05-30,2,-1.1964757
1989-05-30,3,169.61623
1989-05-30,4,479.49252
1989-05-31,0,-653.5293
1989-05-31,1,-190.24133
1989-05-31,2,210.03386
1989-05-31,3,-10.231523
1989-05-31,4,492.13834
1989-06-01,0,-682.36993
1989-06-01,1,-595.0091
1989-06-01,2,188.6584
1989-06-01,3,-7.2875724
1989-06-01,4,555.2512
1990-05-17,0,62.345474
1990-05-17,1,203.0573
1990-05-17,2,742.1959
1990-05-17,3,287.30597
1990-05-17,4,-35.109386
1990-05-18,0,720.66254
1990-05-18,1,562.9185
1990-05-18,2,551.6168
1990-05-18,3,447.8519
1990-05-18,4,-10.789621
1990-05-19,0,728.9689
1990-05-19,1,971.21674
1990-05-19,2,178.69247
1990-05-19,3,111.274315
1990-05-19,4,214.9863
1990-05-20,0,202.34943
1990-05-20,1,1163.6387
1990-05-20,2,373.8883
1990-05-20,3,60.16351
1990-05-20,4,37.08444
1990-05-21,0,31.75331
1990-05-21,1,637.4633
1990-05-21,2,117.782974
1990-05-21,3,199.56908
1990-05-21,4,-225.42702
1990-05-22,0,242.53523
1990-05-22,1,295.24542
1990-05-22,2,-258.32263
1990-05-22,3,330.89444
1990-05-22,4,-207.7025
1990-05-23,0,360.84802
1990-05-23,1,366.67065
1990-05-23,2,-473.68808
1990-05-23,3,293.94827
1990-05-23,4,-240.32672
1990-05-24,0,261.21344
1990-05-24,1,753.5269
1990-05-24,2,-434.62158
1990-05-24,3,156.31032
1990-05-24,4,-199.01086
1990-05-25,0,113.291504
1990-05-25,1,759.38495
1990-05-25,2,-175.34583
1990-05-25,3,-56.605434
1990-05-25,4,-162.67084
1990-05-26,0,-31.505457
1990-05-26,1,469.4493
1990-05-26,2,-51.557064
1990-05-26,3,123.07997
1990-05-26,4,-63.488647
1990-05-27,0,167.73608
1990-05-27,1,419.29947
1990-05-27,2,6.2095056
1990-05-27,3,89.54919
1990-05-27,4,-118.49739
1990-05-28,0,173.98994
1990-05-28,1,648.9107
1990-05-28,2,-239.49097
1990-05-28,3,-37.32535
1990-05-28,4,-176.68884
1990-05-29,0,168.30856
1990-05-29,1,645.70917
1990-05-29,2,7.262806
1990-05-29,3,-237.97061
1990-05-29,4,-29.684254
1990-05-30,0,271.8145
1990-05-30,1,639.1353
1990-05-30,2,-78.869736
1990-05-30,3,-156.06963
1990-05-30,4,-91.11987
1990-05-31,0,214.07083
1990-05-31,1,943.68054
1990-05-31,2,-326.2224
1990-05-31,3,117.83491
1990-05-31,4,161.99281
1990-06-01,0,-278.9438
1990-06-01,1,750.8154
1990-06-01,2,-116.78171
1990-06-01,3,105.50268
1990-06-01,4,240.07556
1991-05-17,0,-550.9694
1991-05-17,1,215.99402
1991-05-17,2,47.928814
1991-05-17,3,31.75427
1991-05-17,4,28.68019
1991-05-18,0,-514.9015
1991-05-18,1,410.20987
1991-05-18,2,-47.745953
1991-05-18,3,-37.25839
1991-05-18,4,260.98706
1991-05-19,0,-774.9177
1991-05-19,1,175.07005
1991-05-19,2,-405.06888
1991-05-19,3,-144.02238
1991-05-19,4,313.55392
1991-05-20,0,-837.7461
1991-05-20,1,-67.57247
1991-05-20,2,-519.88043
1991-05-20,3,-287.89346
1991-05-20,4,281.79498
1991-05-21,0,-946.1754
1991-05-21,1,-64.64759
1991-05-21,2,-366.3021
1991-05-21,3,-372.27774
1991-05-21,4,161.53935
1991-05-22,0,-886.7142
1991-05-22,1,-93.88598
1991-05-22,2,-194.19217
1991-05-22,3,-318.36517
1991-05-22,4,218.90306
1991-05-23,0,-862.95654
1991-05-23,1,-270.7874
1991-05-23,2,-167.81747
1991-05-23,3,-262.29465
1991-05-23,4,154.88667
1991-05-24,0,-813.05035
1991-05-24,1,-439.63345
1991-05-24,2,-35.955696
1991-05-24,3,-34.963436
1991-05-24,4,-34.484653
1991-05-25,0,-697.8716
1991-05-25,1,-234.94193
1991-05-25,2,-25.119507
1991-05-25,3,182.70534
1991-05-25,4,-43.498814
1991-05-26,0,-778.7532
1991-05-26,1,-6.1577578
1991-05-26,2,111.94823
1991-05-26,3,152.88556
1991-05-26,4,-58.51319
1991-05-27,0,-916.665
1991-05-27,1,18.752054
1991-05-27,2,311.30545
1991-05-27,3,275.12866
1991-05-27,4,49.365585
1991-05-28,0,-1012.2152
1991-05-28,1,-70.43525
1991-05-28,2,49.900772
1991-05-28,3,268.02042
1991-05-28,4,309.05682
1991-05-29,0,-1056.8353
1991-05-29,1,-138.90498
1991-05-29,2,-72.269394
1991-05-29,3,128.73096
1991-05-29,4,279.89865
1991-05-30,0,-779.2224
1991-05-30,1,306.71512
1991-05-30,2,122.14811
1991-05-30,3,295.3385
1991-05-30,4,-38.60612
1991-05-31,0,-516.42596
1991-05-31,1,434.64212
1991-05-31,2,411.68524
1991-05-31,3,-228.50897
1991-05-31,4,109.54106
1991-06-01,0,-430.23157
1991-06-01,1,-39.631374
1991-06-01,2,64.35238
1991-06-01,3,-484.8001
1991-06-01,4,377.47406
1992-05-17,0,-535.1785
1992-05-17,1,-320.51096
1992-05-17,2,193.67169
1992-05-17,3,-42.39539
1992-05-17,4,96.24567
1992-05-18,0,-409.86197
1992-05-18,1,-468.40405
1992-05-18,2,-229.45406
1992-05-18,3,180.31473
1992-05-18,4,186.81248
1992-05-19,0,-427.9837
1992-05-19,1,-248.37698
1992-05-19,2,-588.02344
1992-05-19,3,108.15194
1992-05-19,4,96.05089
1992-05-20,0,-863.2238
1992-05-20,1,9.122732
1992-05-20,2,-504.72394
1992-05-20,3,-68.643585
1992-05-20,4,-51.379078
1992-05-21,0,-1173.7859
1992-05-21,1,-24.145672
1992-05-21,2,-316.0534
1992-05-21,3,-373.04556
1992-05-21,4,-170.48816
1992-05-22,0,-1102.2759
1992-05-22,1,-401.95554
1992-05-22,2,-136.86584
1992-05-22,3,-556.64404
1992-05-22,4,-202.25885
1992-05-23,0,-644.8261
1992-05-23,1,-671.72754
1992-05-23,2,-181.74448
1992-05-23,3,-370.31134
1992-05-23,4,-49.60477
1992-05-24,0,0.168915
1992-05-24,1,-559.9342
1992-05-24,2,-161.5597
1992-05-24,3,-398.63055
1992-05-24,4,157.80986
1992-05-25,0,650.66876
1992-05-25,1,-305.52838
1992-05-25,2,96.627914
1992-05-25,3,-405.10425
1992-05-25,4,130.3859
1992-05-26,0,848.1424
1992-05-26,1,-92.099205
1992-05-26,2,372.6704
1992-05-26,3,-305.6886
1992-05-26,4,-64.292984
1992-05-27,0,1041.0603
1992-05-27,1,119.89852
1992-05-27,2,324.65976
1992-05-27,3,-325.80075
1992-05-27,4,-177.91747
1992-05-28,0,992.60406
1992-05-28,1,289.1755
1992-05-28,2,130.37407
1992-05-28,3,-555.3814
1992-05-28,4,-216.13123
1992-05-29,0,455.21866
1992-05-29,1,100.30987
1992-05-29,2,20.03589
1992-05-29,3,-572.63214
1992-05-29,4,-269.70312
1992-05-30,0,-32.981518
1992-05-30,1,-253.6488
1992-05-30,2,266.36612
1992-05-30,3,-509.57822
1992-05-30,4,-312.0607
1992-05-31,0,-128.43741
1992-05-31,1,-579.54004
1992-05-31,2,199.49973
1992-05-31,3,-387.96628
1992-05-31,4,-146.16002
1992-06-01,0,64.64271
1992-06-01,1,-725.2376
1992-06-01,2,-15.368029
1992-06-01,3,-458.21115
1992-06-01,4,-48.10863
1993-05-17,0,1011.0493
1993-05-17,1,179.5249
1993-05-17,2,288.38797
1993-05-17,3,144.46211
1993-05-17,4,410.80728
1993-05-18,0,991.90125
1993-05-18,1,178.3539
1993-05-18,2,287.5887
1993-05-18,3,33.412548
1993-05-18,4,410.58148
1993-05-19,0,1124.017
1993-05-19,1,54.794357
1993-05-19,2,347.51
1993-05-19,3,63.526665
1993-05-19,4,9.197888
1993-05-20,0,1351.0063
1993-05-20,1,289.35287
1993-05-20,2,283.6341
1993-05-20,3,-30.154861
1993-05-20,4,-399.66483
1993-05-21,0,1328.358
1993-05-21,1,628.98975
1993-05-21,2,105.7188
1993-05-21,3,10.839573
1993-05-21,4,-542.4534
1993-05-22,0,1038.1666
1993-05-22,1,590.72107
1993-05-22,2,-190.07288
1993-05-22,3,-126.37783
1993-05-22,4,-314.78824
1993-05-23,0,668.8696
1993-05-23,1,385.3901
1993-05-23,2,-40.16828
1993-05-23,3,-406.0088
1993-05-23,4,-22.214724
1993-05-24,0,280.3746
1993-05-24,1,164.82019
1993-05-24,2,300.81573
1993-05-24,3,-184.0513
1993-05-24,4,21.851542
1993-05-25,0,297.06915
1993-05-25,1,-54.98397
1993-05-25,2,272.2854
1993-05-25,3,207.84032
1993-05-25,4,108.24685
1993-05-26,0,206.71152
1993-05-26,1,18.914326
1993-05-26,2,-30.655231
1993-05-26,3,306.04977
1993-05-26,4,210.88644
1993-05-27,0,235.0675
1993-05-27,1,303.70435
1993-05-27,2,-263.71085
1993-05-27,3,185.19952
1993-05-27,4,396.78375
1993-05-28,0,-41.89452
1993-05-28,1,265.9826
1993-05-28,2,-250.0757
1993-05-28,3,123.72934
1993-05-28,4,464.33722
1993-05-29,0,-105.74139
1993-05-29,1,160.26135
1993-05-29,2,-195.74483
1993-05-29,3,221.65268
1993-05-29,4,441.11295
1993-05-30,0,170.61272
1993-05-30,1,-86.251595
1993-05-30,2,-389.1988
1993-05-30,3,175.1355
1993-05-30,4,290.9176
1993-05-31,0,302.61002
1993-05-31,1,-170.39268
1993-05-31,2,-188.12721
1993-05-31,3,309.50436
1993-05-31,4,-48.427216
1993-06-01,0,688.21313
1993-06-01,1,297.5818
1993-06-01,2,-3.6607928
1993-06-01,3,478.00696
1993-06-01,4,-106.574066
1994-05-17,0,-153.89911
1994-05-17,1,1022.29
1994-05-17,2,-500.7511
1994-05-17,3,-64.03691
1994-05-17,4,-91.56661
1994-05-18,0,-285.36954
1994-05-18,1,916.7642
1994-05-18,2,-759.2563
1994-05-18,3,-268.70166
1994-05-18,4,73.20244
1994-05-19,0,-168.85713
1994-05-19,1,608.052
1994-05-19,2,-1076.2246
1994-05-19,3,-550.8951
1994-05-19,4,-148.05753
1994-05-20,0,-189.61191
1994-05-20,1,560.0229
1994-05-20,2,-865.82574
1994-05-20,3,-688.39685
1994-05-20,4,-479.00476
1994-05-21,0,-330.10413
1994-05-21,1,491.12048
1994-05-21,2,-563.838
1994-05-21,3,-530.9572
1994-05-21,4,-547.1289
1994-05-22,0,-522.3169
1994-05-22,1,205.34222
1994-05-22,2,-376.53763
1994-05-22,3,-195.816
1994-05-22,4,-301.23682
1994-05-23,0,-304.56992
1994-05-23,1,-61.68578
1994-05-23,2,-414.79834
1994-05-23,3,-182.56606
1994-05-23,4,49.965416
1994-05-24,0,208.34712
1994-05-24,1,-257.4142
1994-05-24,2,-366.45663
1994-05-24,3,-146.9294
1994-05-24,4,361.7063
1994-05-25,0,480.0021
1994-05-25,1,-255.02884
1994-05-25,2,-15.67721
1994-05-25,3,-154.32555
1994-05-25,4,346.8307
1994-05-26,0,760.75214
1994-05-26,1,120.71823
1994-05-26,2,226.19331
1994-05-26,3,-204.51747
1994-05-26,4,206.43114
1994-05-27,0,877.60425
1994-05-27,1,385.9335
1994-05-27,2,-6.4789886
1994-05-27,3,-58.675148
1994-05-27,4,104.54808
1994-05-28,0,863.3467
1994-05-28,1,452.5033
1994-05-28,2,-299.538
1994-05-28,3,46.48655
1994-05-28,4,222.54846
1994-05-29,0,470.54266
1994-05-29,1,261.84952
1994-05-29,2,-319.36072
1994-05-29,3,313.48843
1994-05-29,4,121.00924
1994-05-30,0,-80.566055
1994-05-30,1,-132.9228
1994-05-30,2,-112.27157
1994-05-30,3,470.54556
1994-05-30,4,39.945015
1994-05-31,0,-359.87048
1994-05-31,1,-479.6342
1994-05-31,2,-177.34084
1994-05-31,3,435.2413
1994-05-31,4,161.97533
1994-06-01,0,-109.28369
1994-06-01,1,-229.98833
1994-06-01,2,-322.17755
1994-06-01,3,601.15765
1994-06-01,4,229.5176
1995-05-17,0,405.3429
1995-05-17,1,757.0567
1995-05-17,2,439.78326
1995-05-17,3,-405.49918
1995-05-17,4,370.45572
1995-05-18,0,493.22855
1995-05-18,1,453.2159
1995-05-18,2,685.9528
1995-05-18,3,-273.86972
1995-05-18,4,247.94751
1995-05-19,0,710.741
1995-05-19,1,207.12097
1995-05-19,2,435.4575
1995-05-19,3,39.368427
1995-05-19,4,174.50922
1995-05-20,0,934.1423
1995-05-20,1,315.85303
1995-05-20,2,102.15288
1995-05-20,3,1.3717046
1995-05-20,4,110.209305
1995-05-21,0,859.7214
1995-05-21,1,292.76978
1995-05-21,2,324.24838
1995-05-21,3,188.67899
1995-05-21,4,5.361847
1995-05-22,0,602.77814
1995-05-22,1,276.97626
1995-05-22,2,187.33328
1995-05-22,3,238.22554
1995-05-22,4,131.58311
1995-05-23,0,107.60174
1995-05-23,1,288.91446
1995-05-23,2,232.35146
1995-05-23,3,-1.5419062
1995-05-23,4,301.80215
1995-05-24,0,-280.90427
1995-05-24,1,191.35686
1995-05-24,2,634.53076
1995-05-24,3,-10.019815
1995-05-24,4,313.07593
1995-05-25,0,-238.78204
1995-05-25,1,222.25989
1995-05-25,2,547.40424
1995-05-25,3,-71.35722
1995-05-25,4,435.3559
1995-05-26,0,-253.1983
1995-05-26,1,138.6115
1995-05-26,2,408.45227
1995-05-26,3,-203.87325
1995-05-26,4,324.04575
1995-05-27,0,-177.04547
1995-05-27,1,54.569405
1995-05-27,2,300.90933
1995-05-27,3,-317.0024
1995-05-27,4,256.52673
1995-05-28,0,-202.54958
1995-05-28,1,-179.16481
1995-05-28,2,392.1866
1995-05-28,3,-375.71524
1995-05-28,4,130.35864
1995-05-29,0,-73.36683
1995-05-29,1,-399.43173
1995-05-29,2,441.42462
1995-05-29,3,-205.16158
1995-05-29,4,269.2052
1995-05-30,0,44.003536
1995-05-30,1,-342.636
1995-05-30,2,-17.676897
1995-05-30,3,-241.95404
1995-05-30,4,397.24942
1995-05-31,0,-5.216094
1995-05-31,1,-377.4885
1995-05-31,2,-187.50934
1995-05-31,3,-244.85928
1995-05-31,4,208.35278
1995-06-01,0,-279.50967
1995-06-01,1,-557.6925
1995-06-01,2,-23.866716
1995-06-01,3,-145.3485
1995-06-01,4,-78.183426
1996-05-17,0,-343.0403
1996-05-17,1,449.34888
1996-05-17,2,-347.30444
1996-05-17,3,405.6433
1996-05-17,4,-28.690187
1996-05-18,0,-546.2301
1996-05-18,1,466.50275
1996-05-18,2,-160.47325
1996-05-18,3,630.65344
1996-05-18,4,-194.01439
1996-05-19,0,-593.36926
1996-05-19,1,336.91098
1996-05-19,2,156.73872
1996-05-19,3,797.367
1996-05-19,4,-92.374695
1996-05-20,0,-350.0182
1996-05-20,1,319.50183
1996-05-20,2,465.60605
1996-05-20,3,594.49774
1996-05-20,4,-98.290474
1996-05-21,0,29.82534
1996-05-21,1,331.4078
1996-05-21,2,532.1961
1996-05-21,3,535.18475
1996-05-21,4,-57.188023
1996-05-22,0,383.516
1996-05-22,1,575.3623
1996-05-22,2,228.40941
1996-05-22,3,636.01
1996-05-22,4,-32.319897
1996-05-23,0,267.85303
1996-05-23,1,722.4898
1996-05-23,2,81.64382
1996-05-23,3,222.51556
1996-05-23,4,84.05522
1996-05-24,0,-68.00692
1996-05-24,1,502.651
1996-05-24,2,164.26921
1996-05-24,3,-118.418274
1996-05-24,4,643.83185
1996-05-25,0,-157.57564
1996-05-25,1,226.9874
1996-05-25,2,-115.39637
1996-05-25,3,-449.00046
1996-05-25,4,1030.9495
1996-05-26,0,47.482986
1996-05-26,1,205.862
1996-05-26,2,-78.35945
1996-05-26,3,-456.59476
1996-05-26,4,733.3752
1996-05-27,0,194.83809
1996-05-27,1,281.82095
1996-05-27,2,168.23239
1996-05-27,3,-249.87035
1996-05-27,4,331.3394
1996-05-28,0,117.938225
1996-05-28,1,347.83975
1996-05-28,2,270.4896
1996-05-28,3,-128.39644
1996-05-28,4,146.27483
1996-05-29,0,191.27606
1996-05-29,1,515.67975
1996-05-29,2,12.80473
1996-05-29,3,54.342773
1996-05-29,4,115.52464
1996-05-30,0,172.44795
1996-05-30,1,616.04193
1996-05-30,2,-344.486
1996-05-30,3,-20.394186
1996-05-30,4,30.413353
1996-05-31,0,-32.445374
1996-05-31,1,397.09186
1996-05-31,2,-368.59793
1996-05-31,3,-186.30768
1996-05-31,4,-47.240284
1996-06-01,0,-303.31082
1996-06-01,1,-172.53098
1996-06-01,2,-3.6342876
1996-06-01,3,-11.497248
1996-06-01,4,-37.179264
1997-05-17,0,1529.3578
1997-05-17,1,44.258404
1997-05-17,2,-345.84793
1997-05-17,3,37.087086
1997-05-17,4,432.17203
1997-05-18,0,1070.9635
1997-05-18,1,125.69722
1997-05-18,2,-71.7563
1997-05-18,3,36.76468
1997-05-18,4,456.46997
1997-05-19,0,575.4038
1997-05-19,1,-3.4156964
1997-05-19,2,406.3526
1997-05-19,3,19.409151
1997-05-19,4,446.62723
1997-05-20,0,595.84265
1997-05-20,1,184.7158
1997-05-20,2,522.0375
1997-05-20,3,284.11282
1997-05-20,4,261.60065
1997-05-21,0,715.4752
1997-05-21,1,510.9638
1997-05-21,2,-108.42967
1997-05-21,3,177.98788
1997-05-21,4,368.1066
1997-05-22,0,663.88513
1997-05-22,1,627.6396
1997-05-22,2,-525.04706
1997-05-22,3,-150.29213
1997-05-22,4,337.59854
1997-05-23,0,328.67188
1997-05-23,1,466.0193
1997-05-23,2,-531.64777
1997-05-23,3,-214.74574
1997-05-23,4,187.3591
1997-05-24,0,-12.603757
1997-05-24,1,433.38306
1997-05-24,2,-207.66566
1997-05-24,3,25.784178
1997-05-24,4,96.34625
1997-05-25,0,30.944313
1997-05-25,1,504.86472
1997-05-25,2,187.08987
1997-05-25,3,-87.32748
1997-05-25,4,111.14533
1997-05-26,0,286.04202
1997-05-26,1,433.08743
1997-05-26,2,208.19823
1997-05-26,3,-237.80681
1997-05-26,4,188.6815
1997-05-27,0,285.14957
1997-05-27,1,89.37287
1997-05-27,2,-112.284836
1997-05-27,3,-213.16301
1997-05-27,4,67.50608
1997-05-28,0,-42.220486
1997-05-28,1,-422.02676
1997-05-28,2,-175.56517
1997-05-28,3,-234.91594
1997-05-28,4,-121.67735
1997-05-29,0,-155.36665
1997-05-29,1,-566.0776
1997-05-29,2,90.21958
1997-05-29,3,23.345634
1997-05-29,4,-199.28935
1997-05-30,0,10.687717
1997-05-30,1,-651.5578
1997-05-30,2,191.8135
1997-05-30,3,190.08109
1997-05-30,4,-242.2726
1997-05-31,0,166.5169
1997-05-31,1,-727.77527
1997-05-31,2,-166.60555
1997-05-31,3,291.2782
1997-05-31,4,-110.954124
1997-06-01,0,84.68423
1997-06-01,1,-496.63458
1997-06-01,2,-396.91266
1997-06-01,3,323.78323
1997-06-01,4,-411.66803
1998-05-17,0,-654.3315
1998-05-17,1,617.5658
1998-05-17,2,-15.406987
1998-05-17,3,446.42664
1998-05-17,4,21.190002
1998-05-18,0,-536.39056
1998-05-18,1,236.00133
1998-05-18,2,-247.67365
1998-05-18,3,376.70004
1998-05-18,4,172.8352
1998-05-19,0,-484.69705
1998-05-19,1,183.39426
1998-05-19,2,-484.10907
1998-05-19,3,272.08685
1998-05-19,4,158.22993
1998-05-20,0,-436.70374
1998-05-20,1,140.80734
1998-05-20,2,-512.11206
1998-05-20,3,374.77917
1998-05-20,4,204.62502
1998-05-21,0,-188.49648
1998-05-21,1,270.90607
1998-05-21,2,-371.09753
1998-05-21,3,370.35132
1998-05-21,4,404.39874
1998-05-22,0,97.04833
1998-05-22,1,415.58124
1998-05-22,2,-228.73634
1998-05-22,3,19.816074
1998-05-22,4,359.9739
1998-05-23,0,41.130642
1998-05-23,1,412.1746
1998-05-23,2,-65.87889
1998-05-23,3,-155.96678
1998-05-23,4,270.82867
1998-05-24,0,-12.4218
1998-05-24,1,291.085
1998-05-24,2,-38.93408
1998-05-24,3,-53.355614
1998-05-24,4,270.56647
1998-05-25,0,-73.707275
1998-05-25,1,244.1965
1998-05-25,2,-53.56829
1998-05-25,3,245.31602
1998-05-25,4,140.53491
1998-05-26,0,-12.350304
1998-05-26,1,643.6104
1998-05-26,2,-138.79364
1998-05-26,3,310.4894
1998-05-26,4,235.81613
1998-05-27,0,-139.72215
1998-05-27,1,859.2374
1998-05-27,2,-91.55899
1998-05-27,3,214.39651
1998-05-27,4,334.66208
1998-05-28,0,-350.97412
1998-05-28,1,368.5349
1998-05-28,2,-268.13544
1998-05-28,3,436.702
1998-05-28,4,303.63715
1998-05-29,0,-430.50027
1998-05-29,1,7.173913
1998-05-29,2,-227.71808
1998-05-29,3,503.34436
1998-05-29,4,389.0802
1998-05-30,0,-242.50824
1998-05-30,1,88.12415
1998-05-30,2,-195.98956
1998-05-30,3,482.40158
1998-05-30,4,467.6738
1998-05-31,0,-127.480515
1998-05-31,1,-136.53879
1998-05-31,2,2.2735624
1998-05-31,3,352.69284
1998-05-31,4,617.46375
1998-06-01,0,525.3669
1998-06-01,1,-290.70038
1998-06-01,2,110.787796
1998-06-01,3,631.32355
1998-06-01,4,662.2874
1999-05-17,0,-593.3428
1999-05-17,1,167.41812
1999-05-17,2,352.76483
1999-05-17,3,-69.77546
1999-05-17,4,-303.24393
1999-05-18,0,-399.12
1999-05-18,1,-66.83274
1999-05-18,2,294.0308
1999-05-18,3,225.21585
1999-05-18,4,-511.17566
1999-05-19,0,-199.37637
1999-05-19,1,46.32747
1999-05-19,2,54.013176
1999-05-19,3,264.74957
1999-05-19,4,-468.46405
1999-05-20,0,-78.0242
1999-05-20,1,135.31401
1999-05-20,2,-83.19738
1999-05-20,3,113.77878
1999-05-20,4,-221.59607
1999-05-21,0,-186.185
1999-05-21,1,98.07909
1999-05-21,2,-165.59773
1999-05-21,3,-11.982425
1999-05-21,4,-57.10917
1999-05-22,0,-108.26006
1999-05-22,1,-276.56702
1999-05-22,2,-104.44364
1999-05-22,3,-139.90974
1999-05-22,4,152.83809
1999-05-23,0,135.4242
1999-05-23,1,-643.6242
1999-05-23,2,-62.39296
1999-05-23,3,-193.43474
1999-05-23,4,271.8916
1999-05-24,0,646.42725
1999-05-24,1,-722.0218
1999-05-24,2,12.240241
1999-05-24,3,12.328647
1999-05-24,4,133.29704
1999-05-25,0,1053.9777
1999-05-25,1,-357.7826
1999-05-25,2,128.53197
1999-05-25,3,-3.5408921
1999-05-25,4,-35.6671
1999-05-26,0,980.1077
1999-05-26,1,-103.21886
1999-05-26,2,-58.798855
1999-05-26,3,-38.648476
1999-05-26,4,222.96077
1999-05-27,0,620.67285
1999-05-27,1,-321.49902
1999-05-27,2,-371.2892
1999-05-27,3,-208.19633
1999-05-27,4,216.65526
1999-05-28,0,296.87268
1999-05-28,1,-393.2782
1999-05-28,2,-513.38763
1999-05-28,3,-204.47533
1999-05-28,4,90.74403
1999-05-29,0,-195.07959
1999-05-29,1,-287.35254
1999-05-29,2,-411.97308
1999-05-29,3,-38.41465
1999-05-29,4,1.1789573
1999-05-30,0,-645.1718
1999-05-30,1,-225.47507
1999-05-30,2,-225.82486
1999-05-30,3,-156.48297
1999-05-30,4,12.352044
1999-05-31,0,-660.15576
1999-05-31,1,-467.69235
1999-05-31,2,26.589386
1999-05-31,3,-137.2929
1999-05-31,4,39.276485
1999-06-01,0,-412.86792
1999-06-01,1,-210.4609
1999-06-01,2,297.29822
1999-06-01,3,44.78225
1999-06-01,4,-90.85004
2000-05-17,0,447.159
2000-05-17,1,675.6913
2000-05-17,2,-19.22194
2000-05-17,3,-164.0544
2000-05-17,4,306.9521
2000-05-18,0,186.04416
2000-05-18,1,140.72685
2000-05-18,2,434.06204
2000-05-18,3,-320.88733
2000-05-18,4,249.13268
2000-05-19,0,185.66493
2000-05-19,1,-265.49802
2000-05-19,2,240.99852
2000-05-19,3,48.355247
2000-05-19,4,510.58322
2000-05-20,0,98.60153
2000-05-20,1,-508.97745
2000-05-20,2,245.22598
2000-05-20,3,-45.812687
2000-05-20,4,191.2578
2000-05-21,0,250.81052
2000-05-21,1,-600.5067
2000-05-21,2,259.1391
2000-05-21,3,-145.02905
2000-05-21,4,65.80783
2000-05-22,0,535.8614
2000-05-22,1,-644.6214
2000-05-22,2,121.49506
2000-05-22,3,31.004246
2000-05-22,4,-56.602047
2000-05-23,0,736.69183
2000-05-23,1,-479.45853
2000-05-23,2,69.08561
2000-05-23,3,172.0346
2000-05-23,4,-164.81
2000-05-24,0,901.97205
2000-05-24,1,-295.12732
2000-05-24,2,176.66956
2000-05-24,3,303.49606
2000-05-24,4,12.814423
2000-05-25,0,907.142
2000-05-25,1,155.28258
2000-05-25,2,203.94473
2000-05-25,3,359.03473
2000-05-25,4,270.6151
2000-05-26,0,536.94635
2000-05-26,1,402.35934
2000-05-26,2,50.335148
2000-05-26,3,162.60233
2000-05-26,4,346.1374
2000-05-27,0,131.70602
2000-05-27,1,32.901108
2000-05-27,2,169.27292
2000-05-27,3,53.067955
2000-05-27,4,112.03146
2000-05-28,0,95.5587
2000-05-28,1,-334.2688
2000-05-28,2,-191.07593
2000-05-28,3,503.28745
2000-05-28,4,-141.25604
2000-05-29,0,143.68633
2000-05-29,1,-281.7548
2000-05-29,2,-555.19135
2000-05-29,3,414.9557
2000-05-29,4,-322.05563
2000-05-30,0,-236.22781
2000-05-30,1,-115.59628
2000-05-30,2,-426.9625
2000-05-30,3,357.4395
2000-05-30,4,-286.50116
2000-05-31,0,-588.1649
2000-05-31,1,-141.78311
2000-05-31,2,-182.94035
2000-05-31,3,492.2333
2000-05-31,4,-78.53172
2000-06-01,0,-679.125
2000-06-01,1,-334.34152
2000-06-01,2,-192.08589
2000-06-01,3,349.1201
2000-06-01,4,304.20343
2001-05-17,0,184.84254
2001-05-17,1,107.70841
2001-05-17,2,-82.02116
2001-05-17,3,-46.59562
2001-05-17,4,-396.2557
2001-05-18,0,138.25885
2001-05-18,1,-17.456856
2001-05-18,2,-3.5922039
2001-05-18,3,53.33618
2001-05-18,4,-92.13957
2001-05-19,0,172.45969
2001-05-19,1,-149.436
2001-05-19,2,-81.70597
2001-05-19,3,-90.3578
2001-05-19,4,167.3522
2001-05-20,0,161.8056
2001-05-20,1,-236.28554
2001-05-20,2,76.73299
2001-05-20,3,-277.65277
2001-05-20,4,-57.633465
2001-05-21,0,198.88182
2001-05-21,1,-396.73654
2001-05-21,2,743.949
2001-05-21,3,-436.01608
2001-05-21,4,-292.3154
2001-05-22,0,465.16595
2001-05-22,1,-648.2314
2001-05-22,2,947.3798
2001-05-22,3,-301.24127
2001-05-22,4,-297.91635
2001-05-23,0,908.32764
2001-05-23,1,-768.2886
2001-05-23,2,757.42487
2001-05-23,3,-66.02456
2001-05-23,4,-507.89114
2001-05-24,0,949.6107
2001-05-24,1,-763.9568
2001-05-24,2,528.09155
2001-05-24,3,-144.72789
2001-05-24,4,-638.7077
2001-05-25,0,614.0836
2001-05-25,1,-872.6616
2001-05-25,2,260.7417
2001-05-25,3,-179.09909
2001-05-25,4,-685.6044
2001-05-26,0,493.80988
2001-05-26,1,-799.6103
2001-05-26,2,232.9401
2001-05-26,3,-70.87787
2001-05-26,4,-612.90686
2001-05-27,0,612.72675
2001-05-27,1,-348.92508
2001-05-27,2,145.82259
2001-05-27,3,73.40878
2001-05-27,4,-523.5099
2001-05-28,0,531.3399
2001-05-28,1,194.78178
2001-05-28,2,-1.573468
2001-05-28,3,104.44087
2001-05-28,4,-405.47495
2001-05-29,0,412.14053
2001-05-29,1,206.53023
2001-05-29,2,-207.17795
2001-05-29,3,96.361885
2001-05-29,4,-106.254616
2001-05-30,0,601.46545
2001-05-30,1,-189.31409
2001-05-30,2,-162.31564
2001-05-30,3,42.813576
2001-05-30,4,204.84904
2001-05-31,0,622.5934
2001-05-31,1,-674.4899
2001-05-31,2,-419.42337
2001-05-31,3,-150.2409
2001-05-31,4,294.64417
2001-06-01,0,362.63254
2001-06-01,1,-752.5623
2001-06-01,2,36.62645
2001-06-01,3,14.7290535
2001-06-01,4,-105.04994
2002-05-17,0,499.09875
2002-05-17,1,13.113286
2002-05-17,2,387.37823
2002-05-17,3,334.62952
2002-05-17,4,274.70212
2002-05-18,0,918.8343
2002-05-18,1,199.657
2002-05-18,2,239.70088
2002-05-18,3,344.7587
2002-05-18,4,145.7808
2002-05-19,0,1244.864
2002-05-19,1,516.0941
2002-05-19,2,-122.054474
2002-05-19,3,358.84076
2002-05-19,4,90.16705
2002-05-20,0,931.739
2002-05-20,1,744.48584
2002-05-20,2,-491.51767
2002-05-20,3,172.84189
2002-05-20,4,72.011246
2002-05-21,0,703.2187
2002-05-21,1,1053.3794
2002-05-21,2,-613.2887
2002-05-21,3,0.3971071
2002-05-21,4,-72.91216
2002-05-22,0,289.3542
2002-05-22,1,884.42676
2002-05-22,2,-348.30707
2002-05-22,3,-271.43997
2002-05-22,4,-118.854805
2002-05-23,0,-316.33148
2002-05-23,1,458.09125
2002-05-23,2,338.426
2002-05-23,3,-213.28072
2002-05-23,4,-86.57851
2002-05-24,0,-48.53527
2002-05-24,1,247.05774
2002-05-24,2,479.326
2002-05-24,3,-122.34138
2002-05-24,4,139.0617
2002-05-25,0,162.71501
2002-05-25,1,219.91705
2002-05-25,2,370.58414
2002-05-25,3,-17.22246
2002-05-25,4,298.17786
2002-05-26,0,174.55475
2002-05-26,1,-8.988093
2002-05-26,2,503.1059
2002-05-26,3,241.20352
2002-05-26,4,123.19452
2002-05-27,0,19.651985
2002-05-27,1,-23.032349
2002-05-27,2,288.15662
2002-05-27,3,207.07568
2002-05-27,4,173.09047
2002-05-28,0,-222.89178
2002-05-28,1,-139.19945
2002-05-28,2,3.8769114
2002-05-28,3,57.512547
2002-05-28,4,-51.39436
2002-05-29,0,-248.43091
2002-05-29,1,-566.96387
2002-05-29,2,-90.66982
2002-05-29,3,-14.452089
2002-05-29,4,-259.60266
2002-05-30,0,-65.574585
2002-05-30,1,-790.7692
2002-05-30,2,-251.79181
2002-05-30,3,25.081314
2002-05-30,4,-318.67023
2002-05-31,0,110.76905
2002-05-31,1,-693.5335
2002-05-31,2,-372.1559
2002-05-31,3,265.2369
2002-05-31,4,-235.17294
2002-06-01,0,401.7051
2002-06-01,1,-376.8052
2002-06-01,2,-485.25296
2002-06-01,3,431.393
2002-06-01,4,320.19315
2003-05-17,0,-335.87158
2003-05-17,1,12.219017
2003-05-17,2,-34.407368
2003-05-17,3,416.08353
2003-05-17,4,-583.86554
2003-05-18,0,-642.76556
2003-05-18,1,144.71667
2003-05-18,2,-190.16446
2003-05-18,3,420.16794
2003-05-18,4,-449.44144
2003-05-19,0,-725.46796
2003-05-19,1,-63.094185
2003-05-19,2,-78.32702
2003-05-19,3,105.457245
2003-05-19,4,-326.57254
2003-05-20,0,-621.50916
2003-05-20,1,-445.2032
2003-05-20,2,49.562336
2003-05-20,3,183.74837
2003-05-20,4,-223.34952
2003-05-21,0,-144.67284
2003-05-21,1,-572.12994
2003-05-21,2,198.48296
2003-05-21,3,393.81073
2003-05-21,4,-42.908054
2003-05-22,0,167.98712
2003-05-22,1,-626.6037
2003-05-22,2,109.85522
2003-05-22,3,229.92798
2003-05-22,4,-112.66533
2003-05-23,0,170.87476
2003-05-23,1,-763.8152
2003-05-23,2,-109.70926
2003-05-23,3,215.88097
2003-05-23,4,-168.15065
2003-05-24,0,321.2845
2003-05-24,1,-741.8546
2003-05-24,2,-231.1845
2003-05-24,3,98.35413
2003-05-24,4,-214.54405
2003-05-25,0,330.0614
2003-05-25,1,-350.84436
2003-05-25,2,-215.38509
2003-05-25,3,10.160831
2003-05-25,4,-308.36514
2003-05-26,0,199.60884
2003-05-26,1,-154.06027
2003-05-26,2,-242.64536
2003-05-26,3,11.032932
2003-05-26,4,-345.31262
2003-05-27,0,155.78598
2003-05-27,1,-667.0303
2003-05-27,2,-505.42102
2003-05-27,3,33.733215
2003-05-27,4,-316.83334
2003-05-28,0,312.4861
2003-05-28,1,-1158.2554
2003-05-28,2,-672.09314
2003-05-28,3,86.151855
2003-05-28,4,-155.78719
2003-05-29,0,837.2024
2003-05-29,1,-772.2283
2003-05-29,2,-827.2478
2003-05-29,3,143.28328
2003-05-29,4,-71.02538
2003-05-30,0,929.30316
2003-05-30,1,-450.13263
2003-05-30,2,-703.3561
2003-05-30,3,32.06481
2003-05-30,4,-1.3082635
2003-05-31,0,833.99896
2003-05-31,1,-280.79712
2003-05-31,2,-426.60483
2003-05-31,3,115.558655
2003-05-31,4,51.25187
2003-06-01,0,742.01074
2003-06-01,1,-291.21664
2003-06-01,2,-429.3872
2003-06-01,3,81.51769
2003-06-01,4,-53.191433
2004-05-17,0,-352.4411
2004-05-17,1,107.152565
2004-05-17,2,372.10056
2004-05-17,3,254.48032
2004-05-17,4,74.31151
2004-05-18,0,-537.6068
2004-05-18,1,-52.99876
2004-05-18,2,167.99449
2004-05-18,3,418.37317
2004-05-18,4,73.33962
2004-05-19,0,-302.44568
2004-05-19,1,-36.21604
2004-05-19,2,-78.72224
2004-05-19,3,365.36377
2004-05-19,4,284.8028
2004-05-20,0,-468.6072
2004-05-20,1,-67.76305
2004-05-20,2,-147.87306
2004-05-20,3,234.06393
2004-05-20,4,331.73575
2004-05-21,0,-625.9891
2004-05-21,1,-82.18373
2004-05-21,2,-59.476368
2004-05-21,3,318.14954
2004-05-21,4,511.29337
2004-05-22,0,-481.72275
2004-05-22,1,125.59619
2004-05-22,2,189.76628
2004-05-22,3,206.14024
2004-05-22,4,422.68433
2004-05-23,0,-390.7214
2004-05-23,1,404.74844
2004-05-23,2,400.31073
2004-05-23,3,127.72213
2004-05-23,4,163.79683
2004-05-24,0,-231.99916
2004-05-24,1,385.2567
2004-05-24,2,475.6324
2004-05-24,3,112.9422
2004-05-24,4,159.85674
2004-05-25,0,-219.30441
2004-05-25,1,277.4675
2004-05-25,2,393.71622
2004-05-25,3,23.37627
2004-05-25,4,276.2896
2004-05-26,0,42.624184
2004-05-26,1,155.29921
2004-05-26,2,719.8964
2004-05-26,3,114.192665
2004-05-26,4,299.4
2004-05-27,0,496.94513
2004-05-27,1,311.33185
2004-05-27,2,712.422
2004-05-27,3,316.62335
2004-05-27,4,270.66357
2004-05-28,0,496.6949
2004-05-28,1,306.53644
2004-05-28,2,359.85544
2004-05-28,3,628.2448
2004-05-28,4,93.08521
2004-05-29,0,430.41522
2004-05-29,1,611.84894
2004-05-29,2,132.34793
2004-05-29,3,506.32672
2004-05-29,4,303.52838
2004-05-30,0,168.2191
2004-05-30,1,396.05557
2004-05-30,2,344.3233
2004-05-30,3,-88.94432
2004-05-30,4,325.96497
2004-05-31,0,218.05815
2004-05-31,1,-12.943149
2004-05-31,2,620.99994
2004-05-31,3,27.198011
2004-05-31,4,-58.117573
2004-06-01,0,618.32214
2004-06-01,1,-93.310646
2004-06-01,2,632.28516
2004-06-01,3,198.54973
2004-06-01,4,-330.01465
2005-05-17,0,446.9494
2005-05-17,1,1014.3969
2005-05-17,2,132.81914
2005-05-17,3,52.741077
2005-05-17,4,-270.58887
2005-05-18,0,220.6769
2005-05-18,1,878.53375
2005-05-18,2,47.828526
2005-05-18,3,-3.318096
2005-05-18,4,-237.37929
2005-05-19,0,213.30174
2005-05-19,1,603.95056
2005-05-19,2,-302.45935
2005-05-19,3,305.49313
2005-05-19,4,-307.8101
2005-05-20,0,275.66452
2005-05-20,1,168.78682
2005-05-20,2,-609.2518
2005-05-20,3,379.77634
2005-05-20,4,-335.4939
2005-05-21,0,228.44986
2005-05-21,1,61.62743
2005-05-21,2,-823.5338
2005-05-21,3,416.40326
2005-05-21,4,-372.34387
2005-05-22,0,366.04288
2005-05-22,1,-206.68428
2005-05-22,2,-595.0038
2005-05-22,3,324.66376
2005-05-22,4,-457.37607
2005-05-23,0,641.934
2005-05-23,1,-32.03859
2005-05-23,2,-511.7968
2005-05-23,3,425.97952
2005-05-23,4,-380.08896
2005-05-24,0,554.0656
2005-05-24,1,38.895588
2005-05-24,2,-556.96014
2005-05-24,3,104.54411
2005-05-24,4,-517.2855
2005-05-25,0,373.0342
2005-05-25,1,-299.4683
2005-05-25,2,-555.5748
2005-05-25,3,-237.4676
2005-05-25,4,-612.67035
2005-05-26,0,357.82416
2005-05-26,1,-484.97623
2005-05-26,2,-343.8178
2005-05-26,3,-343.06067
2005-05-26,4,-431.8087
2005-05-27,0,656.4878
2005-05-27,1,-428.29825
2005-05-27,2,190.68158
2005-05-27,3,-133.95494
2005-05-27,4,-160.60068
2005-05-28,0,797.2659
2005-05-28,1,-311.6565
2005-05-28,2,402.07156
2005-05-28,3,-52.15586
2005-05-28,4,-45.887978
2005-05-29,0,717.7902
2005-05-29,1,31.214827
2005-05-29,2,287.61926
2005-05-29,3,-106.461136
2005-05-29,4,-73.54918
2005-05-30,0,481.20657
2005-05-30,1,57.801006
2005-05-30,2,86.997734
2005-05-30,3,-321.60632
2005-05-30,4,-32.079517
2005-05-31,0,192.22409
2005-05-31,1,-155.5414
2005-05-31,2,-110.971466
2005-05-31,3,-327.441
2005-05-31,4,-101.23964
2005-06-01,0,-216.06325
2005-06-01,1,-141.59296
2005-06-01,2,-39.47883
2005-06-01,3,-82.131035
2005-06-01,4,-332.7158
2006-05-17,0,1302.3566
2006-05-17,1,-588.27875
2006-05-17,2,-473.95416
2006-05-17,3,-520.1106
2006-05-17,4,-317.1732
2006-05-18,0,1607.1195
2006-05-18,1,-373.05685
2006-05-18,2,-268.49878
2006-05-18,3,-313.7466
2006-05-18,4,-253.5962
2006-05-19,0,1453.3912
2006-05-19,1,-209.99467
2006-05-19,2,-325.20126
2006-05-19,3,-112.68055
2006-05-19,4,-323.88168
2006-05-20,0,1134.4656
2006-05-20,1,156.73396
2006-05-20,2,-530.1917
2006-05-20,3,182.82028
2006-05-20,4,-30.785341
2006-05-21,0,991.14386
2006-05-21,1,385.2267
2006-05-21,2,-417.30484
2006-05-21,3,371.4895
2006-05-21,4,386.76373
2006-05-22,0,724.0539
2006-05-22,1,820.2385
2006-05-22,2,-656.8767
2006-05-22,3,190.87204
2006-05-22,4,491.9054
2006-05-23,0,296.06763
2006-05-23,1,710.0186
2006-05-23,2,-772.4514
2006-05-23,3,100.7559
2006-05-23,4,287.47357
2006-05-24,0,193.69856
2006-05-24,1,-23.963215
2006-05-24,2,-689.9447
2006-05-24,3,227.75977
2006-05-24,4,106.393585
2006-05-25,0,190.05826
2006-05-25,1,-284.29028
2006-05-25,2,-525.4086
2006-05-25,3,363.22778
2006-05-25,4,16.328552
2006-05-26,0,41.21941
2006-05-26,1,56.81767
2006-05-26,2,-271.7809
2006-05-26,3,294.72955
2006-05-26,4,-204.35957
2006-05-27,0,-240.51204
2006-05-27,1,667.1198
2006-05-27,2,-221.82666
2006-05-27,3,224.48204
2006-05-27,4,-215.83171
2006-05-28,0,-900.81305
2006-05-28,1,653.8187
2006-05-28,2,-32.233337
2006-05-28,3,-97.722206
2006-05-28,4,-14.247036
2006-05-29,0,-1233.3499
2006-05-29,1,126.013016
2006-05-29,2,-55.396126
2006-05-29,3,-47.676693
2006-05-29,4,-3.2141001
2006-05-30,0,-1136.4703
2006-05-30,1,-291.30878
2006-05-30,2,-78.52158
2006-05-30,3,-4.560291
2006-05-30,4,-60.949104
2006-05-31,0,-947.0351
2006-05-31,1,-717.0045
2006-05-31,2,-136.60701
2006-05-31,3,-29.749786
2006-05-31,4,-130.6737
2006-06-01,0,-737.87537
2006-06-01,1,-862.964
2006-06-01,2,-240.83801
2006-06-01,3,188.87889
2006-06-01,4,-74.250916
2007-05-17,0,769.9193
2007-05-17,1,-220.02457
2007-05-17,2,-9.975576
2007-05-17,3,118.42694
2007-05-17,4,12.208794
2007-05-18,0,402.36398
2007-05-18,1,-253.28458
2007-05-18,2,-339.57047
2007-05-18,3,-49.713196
2007-05-18,4,-272.6258
2007-05-19,0,215.6359
2007-05-19,1,-206.02837
2007-05-19,2,-512.917
2007-05-19,3,-68.72031
2007-05-19,4,-351.65433
2007-05-20,0,196.05846
2007-05-20,1,-68.191376
2007-05-20,2,-529.7524
2007-05-20,3,-51.25861
2007-05-20,4,-294.04047
2007-05-21,0,188.09286
2007-05-21,1,390.95538
2007-05-21,2,-348.10703
2007-05-21,3,-46.515038
2007-05-21,4,-95.0274
2007-05-22,0,-272.02823
2007-05-22,1,372.66135
2007-05-22,2,74.73726
2007-05-22,3,-228.01317
2007-05-22,4,-35.61244
2007-05-23,0,-658.42993
2007-05-23,1,70.88517
2007-05-23,2,295.42065
2007-05-23,3,-395.90317
2007-05-23,4,-105.91586
2007-05-24,0,-850.8333
2007-05-24,1,-278.53848
2007-05-24,2,382.4525
2007-05-24,3,-223.86467
2007-05-24,4,-165.71144
2007-05-25,0,-787.9161
2007-05-25,1,-425.47855
2007-05-25,2,396.65286
2007-05-25,3,-15.672721
2007-05-25,4,-121.40044
2007-05-26,0,-474.20004
2007-05-26,1,-491.15454
2007-05-26,2,243.22438
2007-05-26,3,21.184143
2007-05-26,4,-21.48541
2007-05-27,0,-185.00781
2007-05-27,1,-454.2674
2007-05-27,2,237.86516
2007-05-27,3,84.66719
2007-05-27,4,56.64377
2007-05-28,0,-221.76024
2007-05-28,1,-263.32983
2007-05-28,2,62.026638
2007-05-28,3,242.8125
2007-05-28,4,7.2041574
2007-05-29,0,-418.33542
2007-05-29,1,-330.5284
2007-05-29,2,-98.81481
2007-05-29,3,-198.60739
2007-05-29,4,239.27959
2007-05-30,0,-663.24994
2007-05-30,1,-713.07965
2007-05-30,2,-21.84953
2007-05-30,3,-261.18503
2007-05-30,4,58.752724
2007-05-31,0,-598.49146
2007-05-31,1,-830.22546
2007-05-31,2,32.780216
2007-05-31,3,-226.4181
2007-05-31,4,28.941317
2007-06-01,0,-464.8615
2007-06-01,1,-702.13165
2007-06-01,2,84.2301
2007-06-01,3,-216.55638
2007-06-01,4,-1.0994587
2008-05-17,0,1375.3668
2008-05-17,1,-810.62115
2008-05-17,2,-17.57017
2008-05-17,3,-345.67984
2008-05-17,4,315.30823
2008-05-18,0,1901.3258
2008-05-18,1,-580.1716
2008-05-18,2,138.9157
2008-05-18,3,-164.8633
2008-05-18,4,254.0523
2008-05-19,0,2102.5903
2008-05-19,1,-193.54282
2008-05-19,2,22.380363
2008-05-19,3,-82.47076
2008-05-19,4,-66.03847
2008-05-20,0,1819.8342
2008-05-20,1,-42.5544
2008-05-20,2,-140.39598
2008-05-20,3,114.868805
2008-05-20,4,108.882355
2008-05-21,0,1617.4244
2008-05-21,1,505.6899
2008-05-21,2,-150.9905
2008-05-21,3,350.80844
2008-05-21,4,-185.78917
2008-05-22,0,1276.7758
2008-05-22,1,1186.8478
2008-05-22,2,111.74978
2008-05-22,3,-502.67422
2008-05-22,4,-5.085239
2008-05-23,0,442.06842
2008-05-23,1,1517.3328
2008-05-23,2,4.7938437
2008-05-23,3,-1032.2838
2008-05-23,4,400.97995
2008-05-24,0,-176.2133
2008-05-24,1,1202.9802
2008-05-24,2,-308.41403
2008-05-24,3,-713.9869
2008-05-24,4,401.50226
2008-05-25,0,-385.89447
2008-05-25,1,753.3467
2008-05-25,2,-350.8128
2008-05-25,3,-485.27078
2008-05-25,4,264.0593
2008-05-26,0,-344.02286
2008-05-26,1,453.62225
2008-05-26,2,195.54865
2008-05-26,3,-105.19354
2008-05-26,4,352.34875
2008-05-27,0,-181.58624
2008-05-27,1,383.23535
2008-05-27,2,153.29698
2008-05-27,3,85.29546
2008-05-27,4,422.22354
2008-05-28,0,-49.73418
2008-05-28,1,338.7316
2008-05-28,2,-197.40378
2008-05-28,3,97.69871
2008-05-28,4,647.4516
2008-05-29,0,-311.5777
2008-05-29,1,185.46054
2008-05-29,2,-382.7862
2008-05-29,3,185.65376
2008-05-29,4,474.1593
2008-05-30,0,-277.46603
2008-05-30,1,77.64029
2008-05-30,2,-157.70798
2008-05-30,3,231.52884
2008-05-30,4,425.7341
2008-05-31,0,-64.874985
2008-05-31,1,-235.79239
2008-05-31,2,77.89817
2008-05-31,3,488.79068
2008-05-31,4,292.7849
2008-06-01,0,203.08464
2008-06-01,1,-220.56363
2008-06-01,2,-98.86104
2008-06-01,3,562.91077
2008-06-01,4,314.67233
2009-05-17,0,658.0189
2009-05-17,1,-722.98553
2009-05-17,2,425.9736
2009-05-17,3,238.13
2009-05-17,4,211.02078
2009-05-18,0,875.2924
2009-05-18,1,-686.1011
2009-05-18,2,-192.33342
2009-05-18,3,93.824196
2009-05-18,4,151.33948
2009-05-19,0,314.9974
2009-05-19,1,-377.5861
2009-05-19,2,-530.8884
2009-05-19,3,249.32628
2009-05-19,4,-19.273256
2009-05-20,0,-509.16858
2009-05-20,1,-58.235996
2009-05-20,2,-458.12805
2009-05-20,3,299.72757
2009-05-20,4,111.27048
2009-05-21,0,-883.5208
2009-05-21,1,-349.3963
2009-05-21,2,0.60817385
2009-05-21,3,63.080025
2009-05-21,4,-45.848286
2009-05-22,0,-531.5693
2009-05-22,1,-446.75647
2009-05-22,2,119.96442
2009-05-22,3,45.065964
2009-05-22,4,68.253365
2009-05-23,0,-206.09164
2009-05-23,1,-355.67258
2009-05-23,2,-13.101579
2009-05-23,3,-40.04486
2009-05-23,4,223.40598
2009-05-24,0,-62.420815
2009-05-24,1,-298.83853
2009-05-24,2,-47.52426
2009-05-24,3,-65.853096
2009-05-24,4,201.73836
2009-05-25,0,2.3681772
2009-05-25,1,-163.5577
2009-05-25,2,-91.30335
2009-05-25,3,-160.64577
2009-05-25,4,228.22417
2009-05-26,0,-48.054874
2009-05-26,1,-37.085793
2009-05-26,2,8.238349
2009-05-26,3,-366.23544
2009-05-26,4,130.71204
2009-05-27,0,-170.68573
2009-05-27,1,-297.69205
2009-05-27,2,109.628456
2009-05-27,3,-266.76825
2009-05-27,4,-79.85439
2009-05-28,0,16.37504
2009-05-28,1,-405.32587
2009-05-28,2,48.231724
2009-05-28,3,-250.74841
2009-05-28,4,-93.87649
2009-05-29,0,238.95149
2009-05-29,1,-546.70233
2009-05-29,2,40.280556
2009-05-29,3,-55.0323
2009-05-29,4,-31.988121
2009-05-30,0,672.22675
2009-05-30,1,-527.7728
2009-05-30,2,-74.368004
2009-05-30,3,133.89838
2009-05-30,4,221.91734
2009-05-31,0,946.55133
2009-05-31,1,-171.202
2009-05-31,2,-91.150955
2009-05-31,3,89.09618
2009-05-31,4,439.9106
2009-06-01,0,595.3456
2009-06-01,1,-38.51136
2009-06-01,2,-158.96133
2009-06-01,3,-21.25278
2009-06-01,4,497.12927
2010-05-17,0,-136.49326
2010-05-17,1,91.28323
2010-05-17,2,-142.20639
2010-05-17,3,-160.80864
2010-05-17,4,7.6912913
2010-05-18,0,-204.98264
2010-05-18,1,244.60999
2010-05-18,2,-208.9388
2010-05-18,3,-50.965847
2010-05-18,4,-199.82254
2010-05-19,0,-34.631554
2010-05-19,1,261.92072
2010-05-19,2,-83.557365
2010-05-19,3,-164.94473
2010-05-19,4,-423.61926
2010-05-20,0,-30.361242
2010-05-20,1,361.08557
2010-05-20,2,-185.64914
2010-05-20,3,-73.32784
2010-05-20,4,-453.51788
2010-05-21,0,-306.8911
2010-05-21,1,385.62033
2010-05-21,2,-10.240697
2010-05-21,3,191.54956
2010-05-21,4,-285.5786
2010-05-22,0,-731.1802
2010-05-22,1,775.56134
2010-05-22,2,146.5125
2010-05-22,3,523.6311
2010-05-22,4,-392.11386
2010-05-23,0,-1081.1147
2010-05-23,1,982.09344
2010-05-23,2,165.6309
2010-05-23,3,141.93779
2010-05-23,4,-183.91718
2010-05-24,0,-1420.0743
2010-05-24,1,703.9671
2010-05-24,2,-24.45271
2010-05-24,3,-267.77863
2010-05-24,4,-174.20253
2010-05-25,0,-1459.9277
2010-05-25,1,295.47488
2010-05-25,2,-6.6576643
2010-05-25,3,-324.35156
2010-05-25,4,-499.44214
2010-05-26,0,-1230.1317
2010-05-26,1,204.37982
2010-05-26,2,-212.1781
2010-05-26,3,-7.6731987
2010-05-26,4,-464.76727
2010-05-27,0,-831.0146
2010-05-27,1,374.88144
2010-05-27,2,-614.6316
2010-05-27,3,30.47251
2010-05-27,4,-244.75243
2010-05-28,0,-615.2628
2010-05-28,1,405.18777
2010-05-28,2,-841.0842
2010-05-28,3,30.950064
2010-05-28,4,-192.68655
2010-05-29,0,-533.976
2010-05-29,1,69.184555
2010-05-29,2,-719.2727
2010-05-29,3,-173.32452
2010-05-29,4,-153.47443
2010-05-30,0,-425.6615
2010-05-30,1,-92.69388
2010-05-30,2,-341.23727
2010-05-30,3,-290.11325
2010-05-30,4,-8.309793
2010-05-31,0,-337.61288
2010-05-31,1,-90.65799
2010-05-31,2,-5.2921004
2010-05-31,3,89.80493
2010-05-31,4,140.28549
2010-06-01,0,-392.66556
2010-06-01,1,-234.62991
2010-06-01,2,145.83778
2010-06-01,3,421.6884
2010-06-01,4,-28.369509
2011-05-17,0,139.44998
2011-05-17,1,1155.6826
2011-05-17,2,-146.83514
2011-05-17,3,-279.56107
2011-05-17,4,-864.7673
2011-05-18,0,-205.8533
2011-05-18,1,1124.5625
2011-05-18,2,128.81097
2011-05-18,3,-464.25458
2011-05-18,4,-1120.4016
2011-05-19,0,-325.40698
2011-05-19,1,795.97864
2011-05-19,2,399.92947
2011-05-19,3,-787.88416
2011-05-19,4,-659.09106
2011-05-20,0,-402.94095
2011-05-20,1,238.2504
2011-05-20,2,226.63048
2011-05-20,3,-794.78534
2011-05-20,4,-159.29547
2011-05-21,0,-302.195
2011-05-21,1,52.423363
2011-05-21,2,75.21814
2011-05-21,3,-602.681
2011-05-21,4,-175.01392
2011-05-22,0,-273.8474
2011-05-22,1,132.59229
2011-05-22,2,246.04951
2011-05-22,3,-216.6786
2011-05-22,4,-174.48567
2011-05-23,0,-233.10016
2011-05-23,1,255.71822
2011-05-23,2,408.04132
2011-05-23,3,107.20824
2011-05-23,4,-59.91986
2011-05-24,0,-52.88002
2011-05-24,1,404.19745
2011-05-24,2,357.1319
2011-05-24,3,163.33748
2011-05-24,4,82.41393
2011-05-25,0,24.818537
2011-05-25,1,137.6412
2011-05-25,2,319.48587
2011-05-25,3,78.56766
2011-05-25,4,96.250946
2011-05-26,0,0.1845118
2011-05-26,1,317.03058
2011-05-26,2,267.56555
2011-05-26,3,521.3468
2011-05-26,4,-276.5826
2011-05-27,0,-150.29697
2011-05-27,1,297.64883
2011-05-27,2,378.65237
2011-05-27,3,558.3667
2011-05-27,4,-465.33737
2011-05-28,0,-307.96698
2011-05-28,1,270.29932
2011-05-28,2,564.30927
2011-05-28,3,609.556
2011-05-28,4,-621.1214
2011-05-29,0,-427.56943
2011-05-29,1,740.8373
2011-05-29,2,704.83057
2011-05-29,3,639.19824
2011-05-29,4,-167.31926
2011-05-30,0,-1077.4614
2011-05-30,1,606.331
2011-05-30,2,385.9525
2011-05-30,3,122.81702
2011-05-30,4,275.48016
2011-05-31,0,-1447.4673
2011-05-31,1,242.51463
2011-05-31,2,117.03672
2011-05-31,3,294.23544
2011-05-31,4,66.327614
2011-06-01,0,-1065.9854
2011-06-01,1,-131.95241
2011-06-01,2,-6.389691
2011-06-01,3,964.9646
2011-06-01,4,74.624214
2012-05-17,0,469.33582
2012-05-17,1,-244.30243
2012-05-17,2,-163.29143
2012-05-17,3,152.2266
2012-05-17,4,-34.166714
2012-05-18,0,-51.664017
2012-05-18,1,240.67633
2012-05-18,2,-141.75578
2012-05-18,3,113.77082
2012-05-18,4,-126.56253
2012-05-19,0,-422.23572
2012-05-19,1,59.271427
2012-05-19,2,-2.7115881
2012-05-19,3,-147.57832
2012-05-19,4,-261.11975
2012-05-20,0,-583.4214
2012-05-20,1,-372.09885
2012-05-20,2,-40.930614
2012-05-20,3,-70.893364
2012-05-20,4,-368.8746
2012-05-21,0,-508.5814
2012-05-21,1,-745.22485
2012-05-21,2,-106.33515
2012-05-21,3,170.83269
2012-05-21,4,-462.77448
2012-05-22,0,-148.33948
2012-05-22,1,-540.3623
2012-05-22,2,-335.48038
2012-05-22,3,377.91333
2012-05-22,4,-567.08606
2012-05-23,0,-58.384434
2012-05-23,1,-31.542742
2012-05-23,2,-61.50438
2012-05-23,3,258.9575
2012-05-23,4,-588.1703
2012-05-24,0,-395.58694
2012-05-24,1,237.74892
2012-05-24,2,523.27936
2012-05-24,3,31.152788
2012-05-24,4,-576.9518
2012-05-25,0,-758.11237
2012-05-25,1,564.19366
2012-05-25,2,738.84076
2012-05-25,3,202.41621
2012-05-25,4,-510.33627
2012-05-26,0,-921.8048
2012-05-26,1,562.944
2012-05-26,2,247.63405
2012-05-26,3,286.72678
2012-05-26,4,352.1348
2012-05-27,0,-1088.3837
2012-05-27,1,281.20773
2012-05-27,2,-27.677977
2012-05-27,3,11.872993
2012-05-27,4,384.5635
2012-05-28,0,-817.9785
2012-05-28,1,33.96417
2012-05-28,2,238.59537
2012-05-28,3,34.67141
2012-05-28,4,121.78416
2012-05-29,0,-439.11353
2012-05-29,1,-127.390175
2012-05-29,2,430.57245
2012-05-29,3,397.97897
2012-05-29,4,-48.1617
2012-05-30,0,189.90448
2012-05-30,1,-307.9343
2012-05-30,2,345.71088
2012-05-30,3,459.32843
2012-05-30,4,-43.295017
2012-05-31,0,571.39777
2012-05-31,1,-515.7579
2012-05-31,2,265.415
2012-05-31,3,202.50407
2012-05-31,4,19.123816
2012-06-01,0,548.9219
2012-06-01,1,-617.9462
2012-06-01,2,224.4791
2012-06-01,3,59.423294
2012-06-01,4,-186.5323
2013-05-17,0,196.38744
2013-05-17,1,364.86563
2013-05-17,2,-141.11765
2013-05-17,3,134.94873
2013-05-17,4,170.21347
2013-05-18,0,-192.2527
2013-05-18,1,178.27217
2013-05-18,2,-240.9253
2013-05-18,3,39.44635
2013-05-18,4,180.01898
2013-05-19,0,-327.28568
2013-05-19,1,-103.58984
2013-05-19,2,-110.094185
2013-05-19,3,-84.22331
2013-05-19,4,16.149628
2013-05-20,0,-329.0117
2013-05-20,1,-332.27594
2013-05-20,2,269.3131
2013-05-20,3,-336.5108
2013-05-20,4,-16.471823
2013-05-21,0,-219.48929
2013-05-21,1,-381.3958
2013-05-21,2,380.04877
2013-05-21,3,-128.6032
2013-05-21,4,-139.94376
2013-05-22,0,-221.18298
2013-05-22,1,201.66716
2013-05-22,2,329.6436
2013-05-22,3,233.32776
2013-05-22,4,-391.65018
2013-05-23,0,-152.06476
2013-05-23,1,422.3175
2013-05-23,2,155.62387
2013-05-23,3,239.39566
2013-05-23,4,-255.75461
2013-05-24,0,29.207674
2013-05-24,1,363.8987
2013-05-24,2,-160.98413
2013-05-24,3,334.3931
2013-05-24,4,-90.60583
2013-05-25,0,52.82284
2013-05-25,1,262.16876
2013-05-25,2,-472.93732
2013-05-25,3,272.2372
2013-05-25,4,-64.88591
2013-05-26,0,68.80613
2013-05-26,1,210.94101
2013-05-26,2,-675.77673
2013-05-26,3,153.80249
2013-05-26,4,-24.307138
2013-05-27,0,-21.228416
2013-05-27,1,74.28401
2013-05-27,2,-547.8219
2013-05-27,3,137.09296
2013-05-27,4,188.40825
2013-05-28,0,-268.35086
2013-05-28,1,166.1787
2013-05-28,2,-125.8225
2013-05-28,3,179.22969
2013-05-28,4,-59.3001
2013-05-29,0,-477.4621
2013-05-29,1,65.664024
2013-05-29,2,298.39822
2013-05-29,3,62.987183
2013-05-29,4,-99.88713
2013-05-30,0,-707.2623
2013-05-30,1,70.65721
2013-05-30,2,408.30728
2013-05-30,3,12.270171
2013-05-30,4,-185.33876
2013-05-31,0,-745.1338
2013-05-31,1,-371.4632
2013-05-31,2,543.2264
2013-05-31,3,168.73596
2013-05-31,4,-266.4792
2013-06-01,0,-364.91547
2013-06-01,1,-861.60516
2013-06-01,2,518.7799
2013-06-01,3,185.1703
2013-06-01,4,-87.44235
2014-05-17,0,851.853
2014-05-17,1,-406.22568
2014-05-17,2,710.10693
2014-05-17,3,155.76358
2014-05-17,4,-711.87976
2014-05-18,0,823.38007
2014-05-18,1,177.01964
2014-05-18,2,325.8835
2014-05-18,3,322.20786
2014-05-18,4,-416.17014
2014-05-19,0,411.14554
2014-05-19,1,582.33453
2014-05-19,2,-99.375084
2014-05-19,3,186.47148
2014-05-19,4,-277.44058
2014-05-20,0,28.442638
2014-05-20,1,507.49734
2014-05-20,2,-223.05765
2014-05-20,3,18.134758
2014-05-20,4,-40.13732
2014-05-21,0,-146.81685
2014-05-21,1,135.69165
2014-05-21,2,-160.69334
2014-05-21,3,-98.08772
2014-05-21,4,310.6746
2014-05-22,0,-66.273094
2014-05-22,1,-100.90415
2014-05-22,2,-166.13336
2014-05-22,3,-174.47475
2014-05-22,4,490.4101
2014-05-23,0,79.85927
2014-05-23,1,-292.9344
2014-05-23,2,-377.3527
2014-05-23,3,-225.39207
2014-05-23,4,370.36508
2014-05-24,0,-5.2412267
2014-05-24,1,-301.16135
2014-05-24,2,-496.68945
2014-05-24,3,-330.13138
2014-05-24,4,201.24374
2014-05-25,0,-60.72477
2014-05-25,1,-334.51462
2014-05-25,2,-396.42664
2014-05-25,3,-431.37747
2014-05-25,4,79.26487
2014-05-26,0,-183.1251
2014-05-26,1,-397.4046
2014-05-26,2,-337.87714
2014-05-26,3,-244.1151
2014-05-26,4,10.939223
2014-05-27,0,-248.8455
2014-05-27,1,-528.89087
2014-05-27,2,-379.56326
2014-05-27,3,80.81049
2014-05-27,4,22.521587
2014-05-28,0,-240.37239
2014-05-28,1,-406.38187
2014-05-28,2,-543.5148
2014-05-28,3,239.13446
2014-05-28,4,-128.21931
2014-05-29,0,-501.03763
2014-05-29,1,-341.3571
2014-05-29,2,-664.9356
2014-05-29,3,111.45748
2014-05-29,4,-142.51468
2014-05-30,0,-471.40198
2014-05-30,1,-318.427
2014-05-30,2,-696.9849
2014-05-30,3,-44.635082
2014-05-30,4,59.972782
2014-05-31,0,-474.9358
2014-05-31,1,-333.79788
2014-05-31,2,-768.7763
2014-05-31,3,-94.549965
2014-05-31,4,101.11986
2014-06-01,0,-623.43567
2014-06-01,1,-524.8947
2014-06-01,2,-547.59094
2014-06-01,3,-22.53631
2014-06-01,4,-52.905582
2015-05-17,0,-789.3723
2015-05-17,1,313.58243
2015-05-17,2,417.2181
2015-05-17,3,-414.76495
2015-05-17,4,166.1209
2015-05-18,0,-831.79626
2015-05-18,1,-43.057148
2015-05-18,2,431.3632
2015-05-18,3,-52.319477
2015-05-18,4,118.56212
2015-05-19,0,-553.8811
2015-05-19,1,-113.02486
2015-05-19,2,192.22995
2015-05-19,3,59.36649
2015-05-19,4,268.77585
2015-05-20,0,-36.96349
2015-05-20,1,136.49817
2015-05-20,2,193.4757
2015-05-20,3,-76.232834
2015-05-20,4,429.5987
2015-05-21,0,382.1427
2015-05-21,1,366.40103
2015-05-21,2,101.31803
2015-05-21,3,-68.54302
2015-05-21,4,520.7214
2015-05-22,0,646.9836
2015-05-22,1,532.7727
2015-05-22,2,50.844448
2015-05-22,3,-67.10511
2015-05-22,4,534.29474
2015-05-23,0,365.1157
2015-05-23,1,417.30356
2015-05-23,2,-111.726845
2015-05-23,3,-252.15997
2015-05-23,4,767.2563
2015-05-24,0,-165.14108
2015-05-24,1,-84.339
2015-05-24,2,80.8269
2015-05-24,3,-360.47736
2015-05-24,4,622.8975
2015-05-25,0,-419.28613
2015-05-25,1,-115.62747
2015-05-25,2,341.49255
2015-05-25,3,-383.55148
2015-05-25,4,309.53735
2015-05-26,0,-593.8956
2015-05-26,1,-312.12518
2015-05-26,2,434.659
2015-05-26,3,-43.084755
2015-05-26,4,176.87027
2015-05-27,0,-612.841
2015-05-27,1,-557.0592
2015-05-27,2,339.63898
2015-05-27,3,130.91301
2015-05-27,4,101.98998
2015-05-28,0,-542.696
2015-05-28,1,-667.2382
2015-05-28,2,79.5373
2015-05-28,3,142.81966
2015-05-28,4,200.1306
2015-05-29,0,-668.7279
2015-05-29,1,-891.2905
2015-05-29,2,22.31323
2015-05-29,3,4.779707
2015-05-29,4,96.41928
2015-05-30,0,-553.9884
2015-05-30,1,-943.5507
2015-05-30,2,82.88537
2015-05-30,3,88.88976
2015-05-30,4,-45.275276
2015-05-31,0,-257.12018
2015-05-31,1,-814.06525
2015-05-31,2,-33.882492
2015-05-31,3,208.47696
2015-05-31,4,8.691323
2015-06-01,0,-202.47496
2015-06-01,1,-641.44
2015-06-01,2,-223.5361
2015-06-01,3,243.20345
2015-06-01,4,-44.950348
2016-05-17,0,752.8471
2016-05-17,1,108.408806
2016-05-17,2,236.19482
2016-05-17,3,-338.25116
2016-05-17,4,361.0319
2016-05-18,0,414.73044
2016-05-18,1,-356.86526
2016-05-18,2,57.646038
2016-05-18,3,-441.44452
2016-05-18,4,274.7413
2016-05-19,0,256.09314
2016-05-19,1,-133.9473
2016-05-19,2,133.0989
2016-05-19,3,-219.13623
2016-05-19,4,-130.10023
2016-05-20,0,-33.713646
2016-05-20,1,501.8176
2016-05-20,2,115.10213
2016-05-20,3,-44.617207
2016-05-20,4,-219.79301
2016-05-21,0,-372.00333
2016-05-21,1,613.5719
2016-05-21,2,-85.644264
2016-05-21,3,151.99623
2016-05-21,4,-100.58507
2016-05-22,0,-177.20834
2016-05-22,1,590.4028
2016-05-22,2,-389.1606
2016-05-22,3,51.34235
2016-05-22,4,-83.46869
2016-05-23,0,-157.45331
2016-05-23,1,619.2706
2016-05-23,2,-280.0335
2016-05-23,3,-209.94899
2016-05-23,4,-399.12952
2016-05-24,0,-332.41
2016-05-24,1,576.5423
2016-05-24,2,-12.585517
2016-05-24,3,-276.7468
2016-05-24,4,-383.7368
2016-05-25,0,-476.66016
2016-05-25,1,273.29697
2016-05-25,2,-49.368805
2016-05-25,3,-60.733425
2016-05-25,4,131.00049
2016-05-26,0,-602.29877
2016-05-26,1,-204.27455
2016-05-26,2,180.82452
2016-05-26,3,-27.152988
2016-05-26,4,277.50537
2016-05-27,0,-582.7169
2016-05-27,1,-142.30675
2016-05-27,2,392.81686
2016-05-27,3,-173.97278
2016-05-27,4,-31.930069
2016-05-28,0,-669.35803
2016-05-28,1,-60.258522
2016-05-28,2,404.84952
2016-05-28,3,-208.77744
2016-05-28,4,-176.45396
2016-05-29,0,-883.3975
2016-05-29,1,-327.60095
2016-05-29,2,238.62695
2016-05-29,3,40.15496
2016-05-29,4,-100.525955
2016-05-30,0,-543.18835
2016-05-30,1,-553.4967
2016-05-30,2,100.63231
2016-05-30,3,205.78705
2016-05-30,4,-26.331009
2016-05-31,0,-225.989
2016-05-31,1,-617.1715
2016-05-31,2,143.66545
2016-05-31,3,-98.22012
2016-05-31,4,95.6809
2016-06-01,0,-253.56163
2016-06-01,1,-646.52
2016-06-01,2,211.58939
2016-06-01,3,-193.99968
2016-06-01,4,-4.5762672
2017-05-17,0,-489.64542
2017-05-17,1,747.451
2017-05-17,2,581.92444
2017-05-17,3,25.722181
2017-05-17,4,46.041283
2017-05-18,0,-485.2377
2017-05-18,1,228.09872
2017-05-18,2,911.8954
2017-05-18,3,-219.40625
2017-05-18,4,76.77567
2017-05-19,0,-294.19562
2017-05-19,1,-19.880327
2017-05-19,2,622.2759
2017-05-19,3,-278.81107
2017-05-19,4,340.68478
2017-05-20,0,-260.0498
2017-05-20,1,-197.09163
2017-05-20,2,396.38382
2017-05-20,3,-330.3975
2017-05-20,4,344.18558
2017-05-21,0,-406.93768
2017-05-21,1,-467.23132
2017-05-21,2,503.5105
2017-05-21,3,-267.12573
2017-05-21,4,92.21548
2017-05-22,0,-13.992222
2017-05-22,1,-805.2282
2017-05-22,2,544.0759
2017-05-22,3,7.1965013
2017-05-22,4,86.17317
2017-05-23,0,615.7737
2017-05-23,1,-795.7211
2017-05-23,2,581.3239
2017-05-23,3,-103.00254
2017-05-23,4,115.93026
2017-05-24,0,915.0311
2017-05-24,1,-556.35565
2017-05-24,2,354.69073
2017-05-24,3,-208.29901
2017-05-24,4,-366.2571
2017-05-25,0,612.38055
2017-05-25,1,309.279
2017-05-25,2,475.23987
2017-05-25,3,-53.18408
2017-05-25,4,-698.143
2017-05-26,0,319.12878
2017-05-26,1,448.83066
2017-05-26,2,310.2305
2017-05-26,3,-88.91235
2017-05-26,4,-305.36246
2017-05-27,0,56.743507
2017-05-27,1,-70.209785
2017-05-27,2,181.55159
2017-05-27,3,62.398376
2017-05-27,4,267.5524
2017-05-28,0,100.95512
2017-05-28,1,-566.81116
2017-05-28,2,196.3717
2017-05-28,3,38.40643
2017-05-28,4,295.72244
2017-05-29,0,377.85907
2017-05-29,1,-719.7104
2017-05-29,2,280.93344
2017-05-29,3,143.60619
2017-05-29,4,134.43675
2017-05-30,0,425.79333
2017-05-30,1,-574.18677
2017-05-30,2,388.3575
2017-05-30,3,186.09874
2017-05-30,4,180.57605
2017-05-31,0,413.93243
2017-05-31,1,-463.84
2017-05-31,2,216.5833
2017-05-31,3,332.87448
2017-05-31,4,145.99998
2017-06-01,0,326.77744
2017-06-01,1,-146.17267
2017-06-01,2,-80.65647
2017-06-01,3,226.87125
2017-06-01,4,267.44507
2018-05-17,0,-139.02737
2018-05-17,1,-189.50803
2018-05-17,2,-178.81693
2018-05-17,3,152.39043
2018-05-17,4,288.39587
2018-05-18,0,-282.65662
2018-05-18,1,-236.65111
2018-05-18,2,-104.655304
2018-05-18,3,-35.794678
2018-05-18,4,271.29233
2018-05-19,0,-601.9271
2018-05-19,1,-348.83252
2018-05-19,2,139.76102
2018-05-19,3,-110.885956
2018-05-19,4,-79.87883
2018-05-20,0,-400.10132
2018-05-20,1,-257.35092
2018-05-20,2,172.34335
2018-05-20,3,109.703415
2018-05-20,4,139.23024
2018-05-21,0,-329.04395
2018-05-21,1,-156.08397
2018-05-21,2,-156.8095
2018-05-21,3,83.983055
2018-05-21,4,395.044
2018-05-22,0,-382.85263
2018-05-22,1,-314.9209
2018-05-22,2,-71.84187
2018-05-22,3,-129.71317
2018-05-22,4,416.77106
2018-05-23,0,-287.67453
2018-05-23,1,-311.80713
2018-05-23,2,-219.57513
2018-05-23,3,-156.1095
2018-05-23,4,440.95718
2018-05-24,0,-432.17062
2018-05-24,1,-249.51222
2018-05-24,2,-541.2251
2018-05-24,3,7.7308593
2018-05-24,4,492.19226
2018-05-25,0,-557.4927
2018-05-25,1,-539.975
2018-05-25,2,-506.503
2018-05-25,3,206.05966
2018-05-25,4,328.30478
2018-05-26,0,-289.47943
2018-05-26,1,-361.6777
2018-05-26,2,-354.18216
2018-05-26,3,256.4616
2018-05-26,4,218.4537
2018-05-27,0,-395.0806
2018-05-27,1,-474.97653
2018-05-27,2,-319.3179
2018-05-27,3,-40.279285
2018-05-27,4,124.51722
2018-05-28,0,-565.0689
2018-05-28,1,-793.00696
2018-05-28,2,-422.65906
2018-05-28,3,-110.227196
2018-05-28,4,190.14427
2018-05-29,0,-635.58105
2018-05-29,1,-753.2967
2018-05-29,2,-340.46042
2018-05-29,3,-57.833645
2018-05-29,4,143.74522
2018-05-30,0,-818.693
2018-05-30,1,-442.4741
2018-05-30,2,-124.01532
2018-05-30,3,109.17829
2018-05-30,4,-141.39915
2018-05-31,0,-799.4653
2018-05-31,1,-203.2739
2018-05-31,2,2.4273822
2018-05-31,3,351.4381
2018-05-31,4,-202.18959
2018-06-01,0,-759.3434
2018-06-01,1,-191.8877
2018-06-01,2,-190.07947
2018-06-01,3,468.2932
2018-06-01,4,-64.52658
