date,mode,pcs,tor
1985-05-17,0,636.5202,False
1985-05-17,1,27.6029,False
1985-05-17,2,-215.67738,False
1985-05-17,3,-231.10164,False
1985-05-17,4,-188.53261,False
1985-05-18,0,1332.8453,False
1985-05-18,1,339.5406,False
1985-05-18,2,-260.73724,False
1985-05-18,3,-417.08194,False
1985-05-18,4,-229.1397,False
1985-05-19,0,1416.6185,False
1985-05-19,1,576.90173,False
1985-05-19,2,-73.738106,False
1985-05-19,3,-497.61496,False
1985-05-19,4,-68.931694,False
1985-05-20,0,828.8873,True
1985-05-20,1,480.26486,True
1985-05-20,2,308.1907,True
1985-05-20,3,-194.57759,True
1985-05-20,4,199.13849,True
1985-05-21,0,437.55435,False
1985-05-21,1,-68.19428,False
1985-05-21,2,331.08795,False
1985-05-21,3,-56.258495,False
1985-05-21,4,193.19838,False
1985-05-22,0,274.90262,False
1985-05-22,1,-380.9539,False
1985-05-22,2,-37.09335,False
1985-05-22,3,-231.22702,False
1985-05-22,4,214.88222,False
1985-05-23,0,233.56148,False
1985-05-23,1,-435.6831,False
1985-05-23,2,-142.05649,False
1985-05-23,3,-195.52785,False
1985-05-23,4,153.00394,False
1985-05-24,0,339.43884,False
1985-05-24,1,-369.77927,False
1985-05-24,2,-374.9236,False
1985-05-24,3,-120.53151,False
1985-05-24,4,52.251907,False
1985-05-25,0,380.52884,False
1985-05-25,1,-192.215,False
1985-05-25,2,-377.13626,False
1985-05-25,3,-47.04625,False
1985-05-25,4,-84.558266,False
1985-05-26,0,458.8771,True
1985-05-26,1,201.9419,True
1985-05-26,2,-275.41733,True
1985-05-26,3,-37.83928,True
1985-05-26,4,-10.995366,True
1985-05-27,0,234.70761,True
1985-05-27,1,311.89233,True
1985-05-27,2,-2.484272,True
1985-05-27,3,57.040936,True
1985-05-27,4,27.662825,True
1985-05-28,0,200.71758,True
1985-05-28,1,381.43576,True
1985-05-28,2,-56.27754,True
1985-05-28,3,282.02744,True
1985-05-28,4,-41.457104,True
1985-05-29,0,157.16446,True
1985-05-29,1,561.3269,True
1985-05-29,2,-183.95227,True
1985-05-29,3,364.33557,True
1985-05-29,4,-6.626348,True
1985-05-30,0,-43.25145,True
1985-05-30,1,506.8068,True
1985-05-30,2,2.9385958,True
1985-05-30,3,136.06451,True
1985-05-30,4,-7.8136325,True
1985-05-31,0,-58.028767,False
1985-05-31,1,482.53998,False
1985-05-31,2,273.80737,False
1985-05-31,3,146.26945,False
1985-05-31,4,111.85831,False
1986-05-17,0,-266.30978,False
1986-05-17,1,-237.5078,False
1986-05-17,2,466.35913,False
1986-05-17,3,-251.70514,False
1986-05-17,4,-61.619003,False
1986-05-18,0,32.082653,False
1986-05-18,1,-441.89154,False
1986-05-18,2,431.8906,False
1986-05-18,3,-193.61357,False
1986-05-18,4,-218.28017,False
1986-05-19,0,126.990845,False
1986-05-19,1,-383.854,False
1986-05-19,2,339.3082,False
1986-05-19,3,-74.531944,False
1986-05-19,4,-391.51047,False
1986-05-20,0,46.1257,False
1986-05-20,1,-154.87158,False
1986-05-20,2,54.828777,False
1986-05-20,3,60.2125,False
1986-05-20,4,-571.5908,False
1986-05-21,0,17.86988,False
1986-05-21,1,287.9665,False
1986-05-21,2,-102.941895,False
1986-05-21,3,208.5351,False
1986-05-21,4,-685.8948,False
1986-05-22,0,60.366142,False
1986-05-22,1,596.867,False
1986-05-22,2,-15.52836,False
1986-05-22,3,48.84364,False
1986-05-22,4,-753.3493,False
1986-05-23,0,117.49664,False
1986-05-23,1,412.4425,False
1986-05-23,2,121.17946,False
1986-05-23,3,-199.72136,False
1986-05-23,4,-634.5024,False
1986-05-24,0,21.816769,True
1986-05-24,1,51.019688,True
1986-05-24,2,56.885586,True
1986-05-24,3,-198.86557,True
1986-05-24,4,-338.27853,True
1986-05-25,0,5.735786,False
1986-05-25,1,-572.5484,False
1986-05-25,2,-173.32695,False
1986-05-25,3,-243.64027,False
1986-05-25,4,-139.87115,False
1986-05-26,0,-67.176414,False
1986-05-26,1,-807.5597,False
1986-05-26,2,-304.40698,False
1986-05-26,3,-356.0429,False
1986-05-26,4,-308.13464,False
1986-05-27,0,-199.26376,False
1986-05-27,1,-672.9128,False
1986-05-27,2,-344.5804,False
1986-05-27,3,-518.36584,False
1986-05-27,4,-341.05746,False
1986-05-28,0,-117.26597,False
1986-05-28,1,-630.55054,False
1986-05-28,2,-340.40366,False
1986-05-28,3,-537.80884,False
1986-05-28,4,-78.86053,False
1986-05-29,0,-280.96295,False
1986-05-29,1,-843.846,False
1986-05-29,2,-484.31982,False
1986-05-29,3,-684.5142,False
1986-05-29,4,121.491066,False
1986-05-30,0,-149.50378,False
1986-05-30,1,-969.6966,False
1986-05-30,2,-434.4356,False
1986-05-30,3,-553.2693,False
1986-05-30,4,325.8566,False
1986-05-31,0,139.76506,False
1986-05-31,1,-868.10535,False
1986-05-31,2,-394.89755,False
1986-05-31,3,-469.68008,False
1986-05-31,4,444.2761,False
1987-05-17,0,-204.1198,True
1987-05-17,1,-0.4765308,True
1987-05-17,2,-380.98434,True
1987-05-17,3,-221.2527,True
1987-05-17,4,271.00256,True
1987-05-18,0,-282.52704,True
1987-05-18,1,236.63445,True
1987-05-18,2,-79.49013,True
1987-05-18,3,-117.32721,True
1987-05-18,4,330.01666,True
1987-05-19,0,-273.5041,True
1987-05-19,1,551.74817,True
1987-05-19,2,-88.574265,True
1987-05-19,3,-149.74808,True
1987-05-19,4,183.63849,True
1987-05-20,0,-584.20526,False
1987-05-20,1,650.82556,False
1987-05-20,2,-0.6444102,False
1987-05-20,3,-379.25262,False
1987-05-20,4,105.46007,False
1987-05-21,0,-847.4545,False
1987-05-21,1,586.8884,False
1987-05-21,2,47.201397,False
1987-05-21,3,-451.03867,False
1987-05-21,4,42.076046,False
1987-05-22,0,-970.3135,False
1987-05-22,1,216.1021,False
1987-05-22,2,139.23442,False
1987-05-22,3,-119.507164,False
1987-05-22,4,50.60081,False
1987-05-23,0,-875.11523,False
1987-05-23,1,43.162678,False
1987-05-23,2,-42.19343,False
1987-05-23,3,79.412926,False
1987-05-23,4,261.8035,False
1987-05-24,0,-727.6285,True
1987-05-24,1,40.24068,True
1987-05-24,2,-31.84142,True
1987-05-24,3,-39.77159,True
1987-05-24,4,205.56847,True
1987-05-25,0,-712.49817,True
1987-05-25,1,268.17032,True
1987-05-25,2,83.95704,True
1987-05-25,3,-176.10669,True
1987-05-25,4,128.31143,True
1987-05-26,0,-918.4074,True
1987-05-26,1,590.5189,True
1987-05-26,2,233.46678,True
1987-05-26,3,-375.67953,True
1987-05-26,4,155.51599,True
1987-05-27,0,-1017.623,True
1987-05-27,1,445.58844,True
1987-05-27,2,274.4811,True
1987-05-27,3,-395.8988,True
1987-05-27,4,149.76755,True
1987-05-28,0,-1052.4409,True
1987-05-28,1,271.96887,True
1987-05-28,2,272.968,True
1987-05-28,3,-382.70538,True
1987-05-28,4,77.145294,True
1987-05-29,0,-949.56024,True
1987-05-29,1,45.139954,True
1987-05-29,2,180.95435,True
1987-05-29,3,-235.65242,True
1987-05-29,4,42.783367,True
1987-05-30,0,-889.6558,True
1987-05-30,1,-80.01069,True
1987-05-30,2,113.15343,True
1987-05-30,3,-128.33653,True
1987-05-30,4,5.910303,True
1987-05-31,0,-719.84906,True
1987-05-31,1,-43.887962,True
1987-05-31,2,16.978727,True
1987-05-31,3,171.45972,True
1987-05-31,4,-240.14644,True
1988-05-17,0,292.17557,False
1988-05-17,1,398.29272,False
1988-05-17,2,-400.59717,False
1988-05-17,3,327.1289,False
1988-05-17,4,-383.23944,False
1988-05-18,0,-151.07713,False
1988-05-18,1,434.6043,False
1988-05-18,2,-285.83124,False
1988-05-18,3,-193.53441,False
1988-05-18,4,-392.7707,False
1988-05-19,0,-400.85056,True
1988-05-19,1,126.51525,True
1988-05-19,2,-75.79545,True
1988-05-19,3,-524.0279,True
1988-05-19,4,-557.1658,True
1988-05-20,0,-267.64066,True
1988-05-20,1,-136.68091,True
1988-05-20,2,109.230865,True
1988-05-20,3,-648.5406,True
1988-05-20,4,-509.02347,True
1988-05-21,0,-144.3282,False
1988-05-21,1,-397.6351,False
1988-05-21,2,160.17369,False
1988-05-21,3,-558.5435,False
1988-05-21,4,-343.9413,False
1988-05-22,0,10.687692,False
1988-05-22,1,-591.6984,False
1988-05-22,2,78.27352,False
1988-05-22,3,-464.74796,False
1988-05-22,4,-253.79044,False
1988-05-23,0,-29.024778,False
1988-05-23,1,-331.22958,False
1988-05-23,2,-127.50885,False
1988-05-23,3,-322.13898,False
1988-05-23,4,-279.947,False
1988-05-24,0,352.52524,False
1988-05-24,1,-146.23973,False
1988-05-24,2,-96.82462,False
1988-05-24,3,-55.811897,False
1988-05-24,4,-42.517982,False
1988-05-25,0,562.71765,False
1988-05-25,1,-45.654137,False
1988-05-25,2,-289.84833,False
1988-05-25,3,34.094376,False
1988-05-25,4,12.4433565,False
1988-05-26,0,485.81226,False
1988-05-26,1,-125.71049,False
1988-05-26,2,-565.92896,False
1988-05-26,3,-19.986483,False
1988-05-26,4,-191.88098,False
1988-05-27,0,38.925144,False
1988-05-27,1,-15.582182,False
1988-05-27,2,-429.80847,False
1988-05-27,3,178.43205,False
1988-05-27,4,-60.56872,False
1988-05-28,0,-356.1481,False
1988-05-28,1,-39.60802,False
1988-05-28,2,-143.28589,False
1988-05-28,3,79.89794,False
1988-05-28,4,-228.43459,False
1988-05-29,0,-526.7542,False
1988-05-29,1,560.6255,False
1988-05-29,2,-326.97437,False
1988-05-29,3,204.99574,False
1988-05-29,4,-419.35062,False
1988-05-30,0,-799.5535,True
1988-05-30,1,831.2787,True
1988-05-30,2,-3.6700091,True
1988-05-30,3,-467.56363,True
1988-05-30,4,-120.44427,True
1988-05-31,0,-889.06573,False
1988-05-31,1,325.26196,False
1988-05-31,2,-70.258995,False
1988-05-31,3,-608.6258,False
1988-05-31,4,18.358986,False
1989-05-17,0,-96.80357,False
1989-05-17,1,431.49997,False
1989-05-17,2,142.86421,False
1989-05-17,3,-799.9528,False
1989-05-17,4,-339.7106,False
1989-05-18,0,-516.63824,True
1989-05-18,1,347.7085,True
1989-05-18,2,-46.259563,True
1989-05-18,3,-220.77185,True
1989-05-18,4,-506.79596,True
1989-05-19,0,-719.72516,False
1989-05-19,1,191.96832,False
1989-05-19,2,135.02806,False
1989-05-19,3,-22.927542,False
1989-05-19,4,-573.75684,False
1989-05-20,0,-411.39175,False
1989-05-20,1,-161.21004,False
1989-05-20,2,304.18274,False
1989-05-20,3,217.73119,False
1989-05-20,4,-449.45337,False
1989-05-21,0,-64.428795,True
1989-05-21,1,-103.89013,True
1989-05-21,2,62.002323,True
1989-05-21,3,541.58936,True
1989-05-21,4,-318.06052,True
1989-05-22,0,95.07222,False
1989-05-22,1,103.211784,False
1989-05-22,2,-60.984478,False
1989-05-22,3,553.3939,False
1989-05-22,4,-177.02905,False
1989-05-23,0,90.94663,False
1989-05-23,1,222.32849,False
1989-05-23,2,-176.32278,False
1989-05-23,3,685.1938,False
1989-05-23,4,-291.6709,False
1989-05-24,0,-23.106949,True
1989-05-24,1,596.4576,True
1989-05-24,2,-98.06369,True
1989-05-24,3,738.2231,True
1989-05-24,4,-439.1324,True
1989-05-25,0,-59.924873,False
1989-05-25,1,634.31604,False
1989-05-25,2,403.48264,False
1989-05-25,3,360.37384,False
1989-05-25,4,-226.28525,False
1989-05-26,0,-64.27382,False
1989-05-26,1,204.6822,False
1989-05-26,2,853.74225,False
1989-05-26,3,317.46878,False
1989-05-26,4,-52.83595,False
1989-05-27,0,-52.131424,False
1989-05-27,1,-42.15567,False
1989-05-27,2,424.68057,False
1989-05-27,3,675.3689,False
1989-05-27,4,164.88193,False
1989-05-28,0,-6.482627,False
1989-05-28,1,253.5272,False
1989-05-28,2,-191.99474,False
1989-05-28,3,691.5417,False
1989-05-28,4,331.34332,False
1989-05-29,0,-322.86902,False
1989-05-29,1,271.08533,False
1989-05-29,2,-327.30447,False
1989-05-29,3,410.6657,False
1989-05-29,4,331.50397,False
1989-05-30,0,-531.9745,True
1989-05-30,1,88.15575,True
1989-05-30,2,-1.1964757,True
1989-05-30,3,169.61623,True
1989-05-30,4,479.49252,True
1989-05-31,0,-653.5293,False
1989-05-31,1,-190.24133,False
1989-05-31,2,210.03386,False
1989-05-31,3,-10.231523,False
1989-05-31,4,492.13834,False
1990-05-17,0,62.345474,False
1990-05-17,1,203.0573,False
1990-05-17,2,742.1959,False
1990-05-17,3,287.30597,False
1990-05-17,4,-35.109386,False
1990-05-18,0,720.66254,True
1990-05-18,1,562.9185,True
1990-05-18,2,551.6168,True
1990-05-18,3,447.8519,True
1990-05-18,4,-10.789621,True
1990-05-19,0,728.9689,False
1990-05-19,1,971.21674,False
1990-05-19,2,178.69247,False
1990-05-19,3,111.274315,False
1990-05-19,4,214.9863,False
1990-05-20,0,202.34943,False
1990-05-20,1,1163.6387,False
1990-05-20,2,373.8883,False
1990-05-20,3,60.16351,False
1990-05-20,4,37.08444,False
1990-05-21,0,31.75331,False
1990-05-21,1,637.4633,False
1990-05-21,2,117.782974,False
1990-05-21,3,199.56908,False
1990-05-21,4,-225.42702,False
1990-05-22,0,242.53523,False
1990-05-22,1,295.24542,False
1990-05-22,2,-258.32263,False
1990-05-22,3,330.89444,False
1990-05-22,4,-207.7025,False
1990-05-23,0,360.84802,False
1990-05-23,1,366.67065,False
1990-05-23,2,-473.68808,False
1990-05-23,3,293.94827,False
1990-05-23,4,-240.32672,False
1990-05-24,0,261.21344,True
1990-05-24,1,753.5269,True
1990-05-24,2,-434.62158,True
1990-05-24,3,156.31032,True
1990-05-24,4,-199.01086,True
1990-05-25,0,113.291504,True
1990-05-25,1,759.38495,True
1990-05-25,2,-175.34583,True
1990-05-25,3,-56.605434,True
1990-05-25,4,-162.67084,True
1990-05-26,0,-31.505457,True
1990-05-26,1,469.4493,True
1990-05-26,2,-51.557064,True
1990-05-26,3,123.07997,True
1990-05-26,4,-63.488647,True
1990-05-27,0,167.73608,True
1990-05-27,1,419.29947,True
1990-05-27,2,6.2095056,True
1990-05-27,3,89.54919,True
1990-05-27,4,-118.49739,True
1990-05-28,0,173.98994,False
1990-05-28,1,648.9107,False
1990-05-28,2,-239.49097,False
1990-05-28,3,-37.32535,False
1990-05-28,4,-176.68884,False
1990-05-29,0,168.30856,True
1990-05-29,1,645.70917,True
1990-05-29,2,7.262806,True
1990-05-29,3,-237.97061,True
1990-05-29,4,-29.684254,True
1990-05-30,0,271.8145,False
1990-05-30,1,639.1353,False
1990-05-30,2,-78.869736,False
1990-05-30,3,-156.06963,False
1990-05-30,4,-91.11987,False
1990-05-31,0,214.07083,True
1990-05-31,1,943.68054,True
1990-05-31,2,-326.2224,True
1990-05-31,3,117.83491,True
1990-05-31,4,161.99281,True
1991-05-17,0,-550.9694,True
1991-05-17,1,215.99402,True
1991-05-17,2,47.928814,True
1991-05-17,3,31.75427,True
1991-05-17,4,28.68019,True
1991-05-18,0,-514.9015,False
1991-05-18,1,410.20987,False
1991-05-18,2,-47.745953,False
1991-05-18,3,-37.25839,False
1991-05-18,4,260.98706,False
1991-05-19,0,-774.9177,False
1991-05-19,1,175.07005,False
1991-05-19,2,-405.06888,False
1991-05-19,3,-144.02238,False
1991-05-19,4,313.55392,False
1991-05-20,0,-837.7461,False
1991-05-20,1,-67.57247,False
1991-05-20,2,-519.88043,False
1991-05-20,3,-287.89346,False
1991-05-20,4,281.79498,False
1991-05-21,0,-946.1754,False
1991-05-21,1,-64.64759,False
1991-05-21,2,-366.3021,False
1991-05-21,3,-372.27774,False
1991-05-21,4,161.53935,False
1991-05-22,0,-886.7142,True
1991-05-22,1,-93.88598,True
1991-05-22,2,-194.19217,True
1991-05-22,3,-318.36517,True
1991-05-22,4,218.90306,True
1991-05-23,0,-862.95654,True
1991-05-23,1,-270.7874,True
1991-05-23,2,-167.81747,True
1991-05-23,3,-262.29465,True
1991-05-23,4,154.88667,True
1991-05-24,0,-813.05035,False
1991-05-24,1,-439.63345,False
1991-05-24,2,-35.955696,False
1991-05-24,3,-34.963436,False
1991-05-24,4,-34.484653,False
1991-05-25,0,-697.8716,True
1991-05-25,1,-234.94193,True
1991-05-25,2,-25.119507,True
1991-05-25,3,182.70534,True
1991-05-25,4,-43.498814,True
1991-05-26,0,-778.7532,True
1991-05-26,1,-6.1577578,True
1991-05-26,2,111.94823,True
1991-05-26,3,152.88556,True
1991-05-26,4,-58.51319,True
1991-05-27,0,-916.665,True
1991-05-27,1,18.752054,True
1991-05-27,2,311.30545,True
1991-05-27,3,275.12866,True
1991-05-27,4,49.365585,True
1991-05-28,0,-1012.2152,True
1991-05-28,1,-70.43525,True
1991-05-28,2,49.900772,True
1991-05-28,3,268.02042,True
1991-05-28,4,309.05682,True
1991-05-29,0,-1056.8353,True
1991-05-29,1,-138.90498,True
1991-05-29,2,-72.269394,True
1991-05-29,3,128.73096,True
1991-05-29,4,279.89865,True
1991-05-30,0,-779.2224,True
1991-05-30,1,306.71512,True
1991-05-30,2,122.14811,True
1991-05-30,3,295.3385,True
1991-05-30,4,-38.60612,True
1991-05-31,0,-516.42596,False
1991-05-31,1,434.64212,False
1991-05-31,2,411.68524,False
1991-05-31,3,-228.50897,False
1991-05-31,4,109.54106,False
1992-05-17,0,-535.1785,False
1992-05-17,1,-320.51096,False
1992-05-17,2,193.67169,False
1992-05-17,3,-42.39539,False
1992-05-17,4,96.24567,False
1992-05-18,0,-409.86197,False
1992-05-18,1,-468.40405,False
1992-05-18,2,-229.45406,False
1992-05-18,3,180.31473,False
1992-05-18,4,186.81248,False
1992-05-19,0,-427.9837,False
1992-05-19,1,-248.37698,False
1992-05-19,2,-588.02344,False
1992-05-19,3,108.15194,False
1992-05-19,4,96.05089,False
1992-05-20,0,-863.2238,False
1992-05-20,1,9.122732,False
1992-05-20,2,-504.72394,False
1992-05-20,3,-68.643585,False
1992-05-20,4,-51.379078,False
1992-05-21,0,-1173.7859,False
1992-05-21,1,-24.145672,False
1992-05-21,2,-316.0534,False
1992-05-21,3,-373.04556,False
1992-05-21,4,-170.48816,False
1992-05-22,0,-1102.2759,True
1992-05-22,1,-401.95554,True
1992-05-22,2,-136.86584,True
1992-05-22,3,-556.64404,True
1992-05-22,4,-202.25885,True
1992-05-23,0,-644.8261,False
1992-05-23,1,-671.72754,False
1992-05-23,2,-181.74448,False
1992-05-23,3,-370.31134,False
1992-05-23,4,-49.60477,False
1992-05-24,0,0.168915,True
1992-05-24,1,-559.9342,True
1992-05-24,2,-161.5597,True
1992-05-24,3,-398.63055,True
1992-05-24,4,157.80986,True
1992-05-25,0,650.66876,False
1992-05-25,1,-305.52838,False
1992-05-25,2,96.627914,False
1992-05-25,3,-405.10425,False
1992-05-25,4,130.3859,False
1992-05-26,0,848.1424,False
1992-05-26,1,-92.099205,False
1992-05-26,2,372.6704,False
1992-05-26,3,-305.6886,False
1992-05-26,4,-64.292984,False
1992-05-27,0,1041.0603,True
1992-05-27,1,119.89852,True
1992-05-27,2,324.65976,True
1992-05-27,3,-325.80075,True
1992-05-27,4,-177.91747,True
1992-05-28,0,992.60406,False
1992-05-28,1,289.1755,False
1992-05-28,2,130.37407,False
1992-05-28,3,-555.3814,False
1992-05-28,4,-216.13123,False
1992-05-29,0,455.21866,False
1992-05-29,1,100.30987,False
1992-05-29,2,20.03589,False
1992-05-29,3,-572.63214,False
1992-05-29,4,-269.70312,False
1992-05-30,0,-32.981518,False
1992-05-30,1,-253.6488,False
1992-05-30,2,266.36612,False
1992-05-30,3,-509.57822,False
1992-05-30,4,-312.0607,False
1992-05-31,0,-128.43741,True
1992-05-31,1,-579.54004,True
1992-05-31,2,199.49973,True
1992-05-31,3,-387.96628,True
1992-05-31,4,-146.16002,True
1993-05-17,0,1011.0493,True
1993-05-17,1,179.5249,True
1993-05-17,2,288.38797,True
1993-05-17,3,144.46211,True
1993-05-17,4,410.80728,True
1993-05-18,0,991.90125,False
1993-05-18,1,178.3539,False
1993-05-18,2,287.5887,False
1993-05-18,3,33.412548,False
1993-05-18,4,410.58148,False
1993-05-19,0,1124.017,False
1993-05-19,1,54.794357,False
1993-05-19,2,347.51,False
1993-05-19,3,63.526665,False
1993-05-19,4,9.197888,False
1993-05-20,0,1351.0063,False
1993-05-20,1,289.35287,False
1993-05-20,2,283.6341,False
1993-05-20,3,-30.154861,False
1993-05-20,4,-399.66483,False
1993-05-21,0,1328.358,False
1993-05-21,1,628.98975,False
1993-05-21,2,105.7188,False
1993-05-21,3,10.839573,False
1993-05-21,4,-542.4534,False
1993-05-22,0,1038.1666,True
1993-05-22,1,590.72107,True
1993-05-22,2,-190.07288,True
1993-05-22,3,-126.37783,True
1993-05-22,4,-314.78824,True
1993-05-23,0,668.8696,False
1993-05-23,1,385.3901,False
1993-05-23,2,-40.16828,False
1993-05-23,3,-406.0088,False
1993-05-23,4,-22.214724,False
1993-05-24,0,280.3746,False
1993-05-24,1,164.82019,False
1993-05-24,2,300.81573,False
1993-05-24,3,-184.0513,False
1993-05-24,4,21.851542,False
1993-05-25,0,297.06915,False
1993-05-25,1,-54.98397,False
1993-05-25,2,272.2854,False
1993-05-25,3,207.84032,False
1993-05-25,4,108.24685,False
1993-05-26,0,206.71152,False
1993-05-26,1,18.914326,False
1993-05-26,2,-30.655231,False
1993-05-26,3,306.04977,False
1993-05-26,4,210.88644,False
1993-05-27,0,235.0675,False
1993-05-27,1,303.70435,False
1993-05-27,2,-263.71085,False
1993-05-27,3,185.19952,False
1993-05-27,4,396.78375,False
1993-05-28,0,-41.89452,False
1993-05-28,1,265.9826,False
1993-05-28,2,-250.0757,False
1993-05-28,3,123.72934,False
1993-05-28,4,464.33722,False
1993-05-29,0,-105.74139,False
1993-05-29,1,160.26135,False
1993-05-29,2,-195.74483,False
1993-05-29,3,221.65268,False
1993-05-29,4,441.11295,False
1993-05-30,0,170.61272,False
1993-05-30,1,-86.251595,False
1993-05-30,2,-389.1988,False
1993-05-30,3,175.1355,False
1993-05-30,4,290.9176,False
1993-05-31,0,302.61002,False
1993-05-31,1,-170.39268,False
1993-05-31,2,-188.12721,False
1993-05-31,3,309.50436,False
1993-05-31,4,-48.427216,False
1994-05-17,0,-153.89911,False
1994-05-17,1,1022.29,False
1994-05-17,2,-500.7511,False
1994-05-17,3,-64.03691,False
1994-05-17,4,-91.56661,False
1994-05-18,0,-285.36954,False
1994-05-18,1,916.7642,False
1994-05-18,2,-759.2563,False
1994-05-18,3,-268.70166,False
1994-05-18,4,73.20244,False
1994-05-19,0,-168.85713,False
1994-05-19,1,608.052,False
1994-05-19,2,-1076.2246,False
1994-05-19,3,-550.8951,False
1994-05-19,4,-148.05753,False
1994-05-20,0,-189.61191,False
1994-05-20,1,560.0229,False
1994-05-20,2,-865.82574,False
1994-05-20,3,-688.39685,False
1994-05-20,4,-479.00476,False
1994-05-21,0,-330.10413,False
1994-05-21,1,491.12048,False
1994-05-21,2,-563.838,False
1994-05-21,3,-530.9572,False
1994-05-21,4,-547.1289,False
1994-05-22,0,-522.3169,False
1994-05-22,1,205.34222,False
1994-05-22,2,-376.53763,False
1994-05-22,3,-195.816,False
1994-05-22,4,-301.23682,False
1994-05-23,0,-304.56992,False
1994-05-23,1,-61.68578,False
1994-05-23,2,-414.79834,False
1994-05-23,3,-182.56606,False
1994-05-23,4,49.965416,False
1994-05-24,0,208.34712,False
1994-05-24,1,-257.4142,False
1994-05-24,2,-366.45663,False
1994-05-24,3,-146.9294,False
1994-05-24,4,361.7063,False
1994-05-25,0,480.0021,True
1994-05-25,1,-255.02884,True
1994-05-25,2,-15.67721,True
1994-05-25,3,-154.32555,True
1994-05-25,4,346.8307,True
1994-05-26,0,760.75214,True
1994-05-26,1,120.71823,True
1994-05-26,2,226.19331,True
1994-05-26,3,-204.51747,True
1994-05-26,4,206.43114,True
1994-05-27,0,877.60425,False
1994-05-27,1,385.9335,False
1994-05-27,2,-6.4789886,False
1994-05-27,3,-58.675148,False
1994-05-27,4,104.54808,False
1994-05-28,0,863.3467,False
1994-05-28,1,452.5033,False
1994-05-28,2,-299.538,False
1994-05-28,3,46.48655,False
1994-05-28,4,222.54846,False
1994-05-29,0,470.54266,True
1994-05-29,1,261.84952,True
1994-05-29,2,-319.36072,True
1994-05-29,3,313.48843,True
1994-05-29,4,121.00924,True
1994-05-30,0,-80.566055,False
1994-05-30,1,-132.9228,False
1994-05-30,2,-112.27157,False
1994-05-30,3,470.54556,False
1994-05-30,4,39.945015,False
1994-05-31,0,-359.87048,False
1994-05-31,1,-479.6342,False
1994-05-31,2,-177.34084,False
1994-05-31,3,435.2413,False
1994-05-31,4,161.97533,False
1995-05-17,0,405.3429,True
1995-05-17,1,757.0567,True
1995-05-17,2,439.78326,True
1995-05-17,3,-405.49918,True
1995-05-17,4,370.45572,True
1995-05-18,0,493.22855,False
1995-05-18,1,453.2159,False
1995-05-18,2,685.9528,False
1995-05-18,3,-273.86972,False
1995-05-18,4,247.94751,False
1995-05-19,0,710.741,False
1995-05-19,1,207.12097,False
1995-05-19,2,435.4575,False
1995-05-19,3,39.368427,False
1995-05-19,4,174.50922,False
1995-05-20,0,934.1423,False
1995-05-20,1,315.85303,False
1995-05-20,2,102.15288,False
1995-05-20,3,1.3717046,False
1995-05-20,4,110.209305,False
1995-05-21,0,859.7214,True
1995-05-21,1,292.76978,True
1995-05-21,2,324.24838,True
1995-05-21,3,188.67899,True
1995-05-21,4,5.361847,True
1995-05-22,0,602.77814,True
1995-05-22,1,276.97626,True
1995-05-22,2,187.33328,True
1995-05-22,3,238.22554,True
1995-05-22,4,131.58311,True
1995-05-23,0,107.60174,False
1995-05-23,1,288.91446,False
1995-05-23,2,232.35146,False
1995-05-23,3,-1.5419062,False
1995-05-23,4,301.80215,False
1995-05-24,0,-280.90427,False
1995-05-24,1,191.35686,False
1995-05-24,2,634.53076,False
1995-05-24,3,-10.019815,False
1995-05-24,4,313.07593,False
1995-05-25,0,-238.78204,False
1995-05-25,1,222.25989,False
1995-05-25,2,547.40424,False
1995-05-25,3,-71.35722,False
1995-05-25,4,435.3559,False
1995-05-26,0,-253.1983,True
1995-05-26,1,138.6115,True
1995-05-26,2,408.45227,True
1995-05-26,3,-203.87325,True
1995-05-26,4,324.04575,True
1995-05-27,0,-177.04547,True
1995-05-27,1,54.569405,True
1995-05-27,2,300.90933,True
1995-05-27,3,-317.0024,True
1995-05-27,4,256.52673,True
1995-05-28,0,-202.54958,False
1995-05-28,1,-179.16481,False
1995-05-28,2,392.1866,False
1995-05-28,3,-375.71524,False
1995-05-28,4,130.35864,False
1995-05-29,0,-73.36683,False
1995-05-29,1,-399.43173,False
1995-05-29,2,441.42462,False
1995-05-29,3,-205.16158,False
1995-05-29,4,269.2052,False
1995-05-30,0,44.003536,False
1995-05-30,1,-342.636,False
1995-05-30,2,-17.676897,False
1995-05-30,3,-241.95404,False
1995-05-30,4,397.24942,False
1995-05-31,0,-5.216094,True
1995-05-31,1,-377.4885,True
1995-05-31,2,-187.50934,True
1995-05-31,3,-244.85928,True
1995-05-31,4,208.35278,True
1996-05-17,0,-343.0403,True
1996-05-17,1,449.34888,True
1996-05-17,2,-347.30444,True
1996-05-17,3,405.6433,True
1996-05-17,4,-28.690187,True
1996-05-18,0,-546.2301,True
1996-05-18,1,466.50275,True
1996-05-18,2,-160.47325,True
1996-05-18,3,630.65344,True
1996-05-18,4,-194.01439,True
1996-05-19,0,-593.36926,False
1996-05-19,1,336.91098,False
1996-05-19,2,156.73872,False
1996-05-19,3,797.367,False
1996-05-19,4,-92.374695,False
1996-05-20,0,-350.0182,False
1996-05-20,1,319.50183,False
1996-05-20,2,465.60605,False
1996-05-20,3,594.49774,False
1996-05-20,4,-98.290474,False
1996-05-21,0,29.82534,False
1996-05-21,1,331.4078,False
1996-05-21,2,532.1961,False
1996-05-21,3,535.18475,False
1996-05-21,4,-57.188023,False
1996-05-22,0,383.516,True
1996-05-22,1,575.3623,True
1996-05-22,2,228.40941,True
1996-05-22,3,636.01,True
1996-05-22,4,-32.319897,True
1996-05-23,0,267.85303,False
1996-05-23,1,722.4898,False
1996-05-23,2,81.64382,False
1996-05-23,3,222.51556,False
1996-05-23,4,84.05522,False
1996-05-24,0,-68.00692,True
1996-05-24,1,502.651,True
1996-05-24,2,164.26921,True
1996-05-24,3,-118.418274,True
1996-05-24,4,643.83185,True
1996-05-25,0,-157.57564,True
1996-05-25,1,226.9874,True
1996-05-25,2,-115.39637,True
1996-05-25,3,-449.00046,True
1996-05-25,4,1030.9495,True
1996-05-26,0,47.482986,True
1996-05-26,1,205.862,True
1996-05-26,2,-78.35945,True
1996-05-26,3,-456.59476,True
1996-05-26,4,733.3752,True
1996-05-27,0,194.83809,True
1996-05-27,1,281.82095,True
1996-05-27,2,168.23239,True
1996-05-27,3,-249.87035,True
1996-05-27,4,331.3394,True
1996-05-28,0,117.938225,False
1996-05-28,1,347.83975,False
1996-05-28,2,270.4896,False
1996-05-28,3,-128.39644,False
1996-05-28,4,146.27483,False
1996-05-29,0,191.27606,False
1996-05-29,1,515.67975,False
1996-05-29,2,12.80473,False
1996-05-29,3,54.342773,False
1996-05-29,4,115.52464,False
1996-05-30,0,172.44795,True
1996-05-30,1,616.04193,True
1996-05-30,2,-344.486,True
1996-05-30,3,-20.394186,True
1996-05-30,4,30.413353,True
1996-05-31,0,-32.445374,True
1996-05-31,1,397.09186,True
1996-05-31,2,-368.59793,True
1996-05-31,3,-186.30768,True
1996-05-31,4,-47.240284,True
1997-05-17,0,1529.3578,False
1997-05-17,1,44.258404,False
1997-05-17,2,-345.84793,False
1997-05-17,3,37.087086,False
1997-05-17,4,432.17203,False
1997-05-18,0,1070.9635,True
1997-05-18,1,125.69722,True
1997-05-18,2,-71.7563,True
1997-05-18,3,36.76468,True
1997-05-18,4,456.46997,True
1997-05-19,0,575.4038,False
1997-05-19,1,-3.4156964,False
1997-05-19,2,406.3526,False
1997-05-19,3,19.409151,False
1997-05-19,4,446.62723,False
1997-05-20,0,595.84265,False
1997-05-20,1,184.7158,False
1997-05-20,2,522.0375,False
1997-05-20,3,284.11282,False
1997-05-20,4,261.60065,False
1997-05-21,0,715.4752,False
1997-05-21,1,510.9638,False
1997-05-21,2,-108.42967,False
1997-05-21,3,177.98788,False
1997-05-21,4,368.1066,False
1997-05-22,0,663.88513,False
1997-05-22,1,627.6396,False
1997-05-22,2,-525.04706,False
1997-05-22,3,-150.29213,False
1997-05-22,4,337.59854,False
1997-05-23,0,328.67188,False
1997-05-23,1,466.0193,False
1997-05-23,2,-531.64777,False
1997-05-23,3,-214.74574,False
1997-05-23,4,187.3591,False
1997-05-24,0,-12.603757,False
1997-05-24,1,433.38306,False
1997-05-24,2,-207.66566,False
1997-05-24,3,25.784178,False
1997-05-24,4,96.34625,False
1997-05-25,0,30.944313,True
1997-05-25,1,504.86472,True
1997-05-25,2,187.08987,True
1997-05-25,3,-87.32748,True
1997-05-25,4,111.14533,True
1997-05-26,0,286.04202,True
1997-05-26,1,433.08743,True
1997-05-26,2,208.19823,True
1997-05-26,3,-237.80681,True
1997-05-26,4,188.6815,True
1997-05-27,0,285.14957,True
1997-05-27,1,89.37287,True
1997-05-27,2,-112.284836,True
1997-05-27,3,-213.16301,True
1997-05-27,4,67.50608,True
1997-05-28,0,-42.220486,False
1997-05-28,1,-422.02676,False
1997-05-28,2,-175.56517,False
1997-05-28,3,-234.91594,False
1997-05-28,4,-121.67735,False
1997-05-29,0,-155.36665,True
1997-05-29,1,-566.0776,True
1997-05-29,2,90.21958,True
1997-05-29,3,23.345634,True
1997-05-29,4,-199.28935,True
1997-05-30,0,10.687717,False
1997-05-30,1,-651.5578,False
1997-05-30,2,191.8135,False
1997-05-30,3,190.08109,False
1997-05-30,4,-242.2726,False
1997-05-31,0,166.5169,False
1997-05-31,1,-727.77527,False
1997-05-31,2,-166.60555,False
1997-05-31,3,291.2782,False
1997-05-31,4,-110.954124,False
1998-05-17,0,-654.3315,True
1998-05-17,1,617.5658,True
1998-05-17,2,-15.406987,True
1998-05-17,3,446.42664,True
1998-05-17,4,21.190002,True
1998-05-18,0,-536.39056,False
1998-05-18,1,236.00133,False
1998-05-18,2,-247.67365,False
1998-05-18,3,376.70004,False
1998-05-18,4,172.8352,False
1998-05-19,0,-484.69705,True
1998-05-19,1,183.39426,True
1998-05-19,2,-484.10907,True
1998-05-19,3,272.08685,True
1998-05-19,4,158.22993,True
1998-05-20,0,-436.70374,False
1998-05-20,1,140.80734,False
1998-05-20,2,-512.11206,False
1998-05-20,3,374.77917,False
1998-05-20,4,204.62502,False
1998-05-21,0,-188.49648,True
1998-05-21,1,270.90607,True
1998-05-21,2,-371.09753,True
1998-05-21,3,370.35132,True
1998-05-21,4,404.39874,True
1998-05-22,0,97.04833,True
1998-05-22,1,415.58124,True
1998-05-22,2,-228.73634,True
1998-05-22,3,19.816074,True
1998-05-22,4,359.9739,True
1998-05-23,0,41.130642,False
1998-05-23,1,412.1746,False
1998-05-23,2,-65.87889,False
1998-05-23,3,-155.96678,False
1998-05-23,4,270.82867,False
1998-05-24,0,-12.4218,True
1998-05-24,1,291.085,True
1998-05-24,2,-38.93408,True
1998-05-24,3,-53.355614,True
1998-05-24,4,270.56647,True
1998-05-25,0,-73.707275,False
1998-05-25,1,244.1965,False
1998-05-25,2,-53.56829,False
1998-05-25,3,245.31602,False
1998-05-25,4,140.53491,False
1998-05-26,0,-12.350304,True
1998-05-26,1,643.6104,True
1998-05-26,2,-138.79364,True
1998-05-26,3,310.4894,True
1998-05-26,4,235.81613,True
1998-05-27,0,-139.72215,False
1998-05-27,1,859.2374,False
1998-05-27,2,-91.55899,False
1998-05-27,3,214.39651,False
1998-05-27,4,334.66208,False
1998-05-28,0,-350.97412,True
1998-05-28,1,368.5349,True
1998-05-28,2,-268.13544,True
1998-05-28,3,436.702,True
1998-05-28,4,303.63715,True
1998-05-29,0,-430.50027,False
1998-05-29,1,7.173913,False
1998-05-29,2,-227.71808,False
1998-05-29,3,503.34436,False
1998-05-29,4,389.0802,False
1998-05-30,0,-242.50824,True
1998-05-30,1,88.12415,True
1998-05-30,2,-195.98956,True
1998-05-30,3,482.40158,True
1998-05-30,4,467.6738,True
1998-05-31,0,-127.480515,False
1998-05-31,1,-136.53879,False
1998-05-31,2,2.2735624,False
1998-05-31,3,352.69284,False
1998-05-31,4,617.46375,False
1999-05-17,0,-593.3428,False
1999-05-17,1,167.41812,False
1999-05-17,2,352.76483,False
1999-05-17,3,-69.77546,False
1999-05-17,4,-303.24393,False
1999-05-18,0,-399.12,False
1999-05-18,1,-66.83274,False
1999-05-18,2,294.0308,False
1999-05-18,3,225.21585,False
1999-05-18,4,-511.17566,False
1999-05-19,0,-199.37637,False
1999-05-19,1,46.32747,False
1999-05-19,2,54.013176,False
1999-05-19,3,264.74957,False
1999-05-19,4,-468.46405,False
1999-05-20,0,-78.0242,True
1999-05-20,1,135.31401,True
1999-05-20,2,-83.19738,True
1999-05-20,3,113.77878,True
1999-05-20,4,-221.59607,True
1999-05-21,0,-186.185,False
1999-05-21,1,98.07909,False
1999-05-21,2,-165.59773,False
1999-05-21,3,-11.982425,False
1999-05-21,4,-57.10917,False
1999-05-22,0,-108.26006,True
1999-05-22,1,-276.56702,True
1999-05-22,2,-104.44364,True
1999-05-22,3,-139.90974,True
1999-05-22,4,152.83809,True
1999-05-23,0,135.4242,False
1999-05-23,1,-643.6242,False
1999-05-23,2,-62.39296,False
1999-05-23,3,-193.43474,False
1999-05-23,4,271.8916,False
1999-05-24,0,646.42725,False
1999-05-24,1,-722.0218,False
1999-05-24,2,12.240241,False
1999-05-24,3,12.328647,False
1999-05-24,4,133.29704,False
1999-05-25,0,1053.9777,True
1999-05-25,1,-357.7826,True
1999-05-25,2,128.53197,True
1999-05-25,3,-3.5408921,True
1999-05-25,4,-35.6671,True
1999-05-26,0,980.1077,False
1999-05-26,1,-103.21886,False
1999-05-26,2,-58.798855,False
1999-05-26,3,-38.648476,False
1999-05-26,4,222.96077,False
1999-05-27,0,620.67285,False
1999-05-27,1,-321.49902,False
1999-05-27,2,-371.2892,False
1999-05-27,3,-208.19633,False
1999-05-27,4,216.65526,False
1999-05-28,0,296.87268,False
1999-05-28,1,-393.2782,False
1999-05-28,2,-513.38763,False
1999-05-28,3,-204.47533,False
1999-05-28,4,90.74403,False
1999-05-29,0,-195.07959,False
1999-05-29,1,-287.35254,False
1999-05-29,2,-411.97308,False
1999-05-29,3,-38.41465,False
1999-05-29,4,1.1789573,False
1999-05-30,0,-645.1718,True
1999-05-30,1,-225.47507,True
1999-05-30,2,-225.82486,True
1999-05-30,3,-156.48297,True
1999-05-30,4,12.352044,True
1999-05-31,0,-660.15576,True
1999-05-31,1,-467.69235,True
1999-05-31,2,26.589386,True
1999-05-31,3,-137.2929,True
1999-05-31,4,39.276485,True
2000-05-17,0,447.159,True
2000-05-17,1,675.6913,True
2000-05-17,2,-19.22194,True
2000-05-17,3,-164.0544,True
2000-05-17,4,306.9521,True
2000-05-18,0,186.04416,False
2000-05-18,1,140.72685,False
2000-05-18,2,434.06204,False
2000-05-18,3,-320.88733,False
2000-05-18,4,249.13268,False
2000-05-19,0,185.66493,False
2000-05-19,1,-265.49802,False
2000-05-19,2,240.99852,False
2000-05-19,3,48.355247,False
2000-05-19,4,510.58322,False
2000-05-20,0,98.60153,False
2000-05-20,1,-508.97745,False
2000-05-20,2,245.22598,False
2000-05-20,3,-45.812687,False
2000-05-20,4,191.2578,False
2000-05-21,0,250.81052,False
2000-05-21,1,-600.5067,False
2000-05-21,2,259.1391,False
2000-05-21,3,-145.02905,False
2000-05-21,4,65.80783,False
2000-05-22,0,535.8614,False
2000-05-22,1,-644.6214,False
2000-05-22,2,121.49506,False
2000-05-22,3,31.004246,False
2000-05-22,4,-56.602047,False
2000-05-23,0,736.69183,False
2000-05-23,1,-479.45853,False
2000-05-23,2,69.08561,False
2000-05-23,3,172.0346,False
2000-05-23,4,-164.81,False
2000-05-24,0,901.97205,False
2000-05-24,1,-295.12732,False
2000-05-24,2,176.66956,False
2000-05-24,3,303.49606,False
2000-05-24,4,12.814423,False
2000-05-25,0,907.142,True
2000-05-25,1,155.28258,True
2000-05-25,2,203.94473,True
2000-05-25,3,359.03473,True
2000-05-25,4,270.6151,True
2000-05-26,0,536.94635,True
2000-05-26,1,402.35934,True
2000-05-26,2,50.335148,True
2000-05-26,3,162.60233,True
2000-05-26,4,346.1374,True
2000-05-27,0,131.70602,True
2000-05-27,1,32.901108,True
2000-05-27,2,169.27292,True
2000-05-27,3,53.067955,True
2000-05-27,4,112.03146,True
2000-05-28,0,95.5587,False
2000-05-28,1,-334.2688,False
2000-05-28,2,-191.07593,False
2000-05-28,3,503.28745,False
2000-05-28,4,-141.25604,False
2000-05-29,0,143.68633,False
2000-05-29,1,-281.7548,False
2000-05-29,2,-555.19135,False
2000-05-29,3,414.9557,False
2000-05-29,4,-322.05563,False
2000-05-30,0,-236.22781,True
2000-05-30,1,-115.59628,True
2000-05-30,2,-426.9625,True
2000-05-30,3,357.4395,True
2000-05-30,4,-286.50116,True
2000-05-31,0,-588.1649,False
2000-05-31,1,-141.78311,False
2000-05-31,2,-182.94035,False
2000-05-31,3,492.2333,False
2000-05-31,4,-78.53172,False
2001-05-17,0,184.84254,False
2001-05-17,1,107.70841,False
2001-05-17,2,-82.02116,False
2001-05-17,3,-46.59562,False
2001-05-17,4,-396.2557,False
2001-05-18,0,138.25885,False
2001-05-18,1,-17.456856,False
2001-05-18,2,-3.5922039,False
2001-05-18,3,53.33618,False
2001-05-18,4,-92.13957,False
2001-05-19,0,172.45969,False
2001-05-19,1,-149.436,False
2001-05-19,2,-81.70597,False
2001-05-19,3,-90.3578,False
2001-05-19,4,167.3522,False
2001-05-20,0,161.8056,True
2001-05-20,1,-236.28554,True
2001-05-20,2,76.73299,True
2001-05-20,3,-277.65277,True
2001-05-20,4,-57.633465,True
2001-05-21,0,198.88182,False
2001-05-21,1,-396.73654,False
2001-05-21,2,743.949,False
2001-05-21,3,-436.01608,False
2001-05-21,4,-292.3154,False
2001-05-22,0,465.16595,False
2001-05-22,1,-648.2314,False
2001-05-22,2,947.3798,False
2001-05-22,3,-301.24127,False
2001-05-22,4,-297.91635,False
2001-05-23,0,908.32764,False
2001-05-23,1,-768.2886,False
2001-05-23,2,757.42487,False
2001-05-23,3,-66.02456,False
2001-05-23,4,-507.89114,False
2001-05-24,0,949.6107,False
2001-05-24,1,-763.9568,False
2001-05-24,2,528.09155,False
2001-05-24,3,-144.72789,False
2001-05-24,4,-638.7077,False
2001-05-25,0,614.0836,False
2001-05-25,1,-872.6616,False
2001-05-25,2,260.7417,False
2001-05-25,3,-179.09909,False
2001-05-25,4,-685.6044,False
2001-05-26,0,493.80988,False
2001-05-26,1,-799.6103,False
2001-05-26,2,232.9401,False
2001-05-26,3,-70.87787,False
2001-05-26,4,-612.90686,False
2001-05-27,0,612.72675,True
2001-05-27,1,-348.92508,True
2001-05-27,2,145.82259,True
2001-05-27,3,73.40878,True
2001-05-27,4,-523.5099,True
2001-05-28,0,531.3399,True
2001-05-28,1,194.78178,True
2001-05-28,2,-1.573468,True
2001-05-28,3,104.44087,True
2001-05-28,4,-405.47495,True
2001-05-29,0,412.14053,True
2001-05-29,1,206.53023,True
2001-05-29,2,-207.17795,True
2001-05-29,3,96.361885,True
2001-05-29,4,-106.254616,True
2001-05-30,0,601.46545,True
2001-05-30,1,-189.31409,True
2001-05-30,2,-162.31564,True
2001-05-30,3,42.813576,True
2001-05-30,4,204.84904,True
2001-05-31,0,622.5934,True
2001-05-31,1,-674.4899,True
2001-05-31,2,-419.42337,True
2001-05-31,3,-150.2409,True
2001-05-31,4,294.64417,True
2002-05-17,0,499.09875,False
2002-05-17,1,13.113286,False
2002-05-17,2,387.37823,False
2002-05-17,3,334.62952,False
2002-05-17,4,274.70212,False
2002-05-18,0,918.8343,False
2002-05-18,1,199.657,False
2002-05-18,2,239.70088,False
2002-05-18,3,344.7587,False
2002-05-18,4,145.7808,False
2002-05-19,0,1244.864,False
2002-05-19,1,516.0941,False
2002-05-19,2,-122.054474,False
2002-05-19,3,358.84076,False
2002-05-19,4,90.16705,False
2002-05-20,0,931.739,False
2002-05-20,1,744.48584,False
2002-05-20,2,-491.51767,False
2002-05-20,3,172.84189,False
2002-05-20,4,72.011246,False
2002-05-21,0,703.2187,False
2002-05-21,1,1053.3794,False
2002-05-21,2,-613.2887,False
2002-05-21,3,0.3971071,False
2002-05-21,4,-72.91216,False
2002-05-22,0,289.3542,False
2002-05-22,1,884.42676,False
2002-05-22,2,-348.30707,False
2002-05-22,3,-271.43997,False
2002-05-22,4,-118.854805,False
2002-05-23,0,-316.33148,True
2002-05-23,1,458.09125,True
2002-05-23,2,338.426,True
2002-05-23,3,-213.28072,True
2002-05-23,4,-86.57851,True
2002-05-24,0,-48.53527,True
2002-05-24,1,247.05774,True
2002-05-24,2,479.326,True
2002-05-24,3,-122.34138,True
2002-05-24,4,139.0617,True
2002-05-25,0,162.71501,False
2002-05-25,1,219.91705,False
2002-05-25,2,370.58414,False
2002-05-25,3,-17.22246,False
2002-05-25,4,298.17786,False
2002-05-26,0,174.55475,True
2002-05-26,1,-8.988093,True
2002-05-26,2,503.1059,True
2002-05-26,3,241.20352,True
2002-05-26,4,123.19452,True
2002-05-27,0,19.651985,True
2002-05-27,1,-23.032349,True
2002-05-27,2,288.15662,True
2002-05-27,3,207.07568,True
2002-05-27,4,173.09047,True
2002-05-28,0,-222.89178,False
2002-05-28,1,-139.19945,False
2002-05-28,2,3.8769114,False
2002-05-28,3,57.512547,False
2002-05-28,4,-51.39436,False
2002-05-29,0,-248.43091,False
2002-05-29,1,-566.96387,False
2002-05-29,2,-90.66982,False
2002-05-29,3,-14.452089,False
2002-05-29,4,-259.60266,False
2002-05-30,0,-65.574585,False
2002-05-30,1,-790.7692,False
2002-05-30,2,-251.79181,False
2002-05-30,3,25.081314,False
2002-05-30,4,-318.67023,False
2002-05-31,0,110.76905,False
2002-05-31,1,-693.5335,False
2002-05-31,2,-372.1559,False
2002-05-31,3,265.2369,False
2002-05-31,4,-235.17294,False
2003-05-17,0,-335.87158,False
2003-05-17,1,12.219017,False
2003-05-17,2,-34.407368,False
2003-05-17,3,416.08353,False
2003-05-17,4,-583.86554,False
2003-05-18,0,-642.76556,False
2003-05-18,1,144.71667,False
2003-05-18,2,-190.16446,False
2003-05-18,3,420.16794,False
2003-05-18,4,-449.44144,False
2003-05-19,0,-725.46796,False
2003-05-19,1,-63.094185,False
2003-05-19,2,-78.32702,False
2003-05-19,3,105.457245,False
2003-05-19,4,-326.57254,False
2003-05-20,0,-621.50916,False
2003-05-20,1,-445.2032,False
2003-05-20,2,49.562336,False
2003-05-20,3,183.74837,False
2003-05-20,4,-223.34952,False
2003-05-21,0,-144.67284,False
2003-05-21,1,-572.12994,False
2003-05-21,2,198.48296,False
2003-05-21,3,393.81073,False
2003-05-21,4,-42.908054,False
2003-05-22,0,167.98712,False
2003-05-22,1,-626.6037,False
2003-05-22,2,109.85522,False
2003-05-22,3,229.92798,False
2003-05-22,4,-112.66533,False
2003-05-23,0,170.87476,True
2003-05-23,1,-763.8152,True
2003-05-23,2,-109.70926,True
2003-05-23,3,215.88097,True
2003-05-23,4,-168.15065,True
2003-05-24,0,321.2845,True
2003-05-24,1,-741.8546,True
2003-05-24,2,-231.1845,True
2003-05-24,3,98.35413,True
2003-05-24,4,-214.54405,True
2003-05-25,0,330.0614,False
2003-05-25,1,-350.84436,False
2003-05-25,2,-215.38509,False
2003-05-25,3,10.160831,False
2003-05-25,4,-308.36514,False
2003-05-26,0,199.60884,False
2003-05-26,1,-154.06027,False
2003-05-26,2,-242.64536,False
2003-05-26,3,11.032932,False
2003-05-26,4,-345.31262,False
2003-05-27,0,155.78598,False
2003-05-27,1,-667.0303,False
2003-05-27,2,-505.42102,False
2003-05-27,3,33.733215,False
2003-05-27,4,-316.83334,False
2003-05-28,0,312.4861,False
2003-05-28,1,-1158.2554,False
2003-05-28,2,-672.09314,False
2003-05-28,3,86.151855,False
2003-05-28,4,-155.78719,False
2003-05-29,0,837.2024,False
2003-05-29,1,-772.2283,False
2003-05-29,2,-827.2478,False
2003-05-29,3,143.28328,False
2003-05-29,4,-71.02538,False
2003-05-30,0,929.30316,False
2003-05-30,1,-450.13263,False
2003-05-30,2,-703.3561,False
2003-05-30,3,32.06481,False
2003-05-30,4,-1.3082635,False
2003-05-31,0,833.99896,False
2003-05-31,1,-280.79712,False
2003-05-31,2,-426.60483,False
2003-05-31,3,115.558655,False
2003-05-31,4,51.25187,False
2004-05-17,0,-352.4411,False
2004-05-17,1,107.152565,False
2004-05-17,2,372.10056,False
2004-05-17,3,254.48032,False
2004-05-17,4,74.31151,False
2004-05-18,0,-537.6068,False
2004-05-18,1,-52.99876,False
2004-05-18,2,167.99449,False
2004-05-18,3,418.37317,False
2004-05-18,4,73.33962,False
2004-05-19,0,-302.44568,True
2004-05-19,1,-36.21604,True
2004-05-19,2,-78.72224,True
2004-05-19,3,365.36377,True
2004-05-19,4,284.8028,True
2004-05-20,0,-468.6072,False
2004-05-20,1,-67.76305,False
2004-05-20,2,-147.87306,False
2004-05-20,3,234.06393,False
2004-05-20,4,331.73575,False
2004-05-21,0,-625.9891,True
2004-05-21,1,-82.18373,True
2004-05-21,2,-59.476368,True
2004-05-21,3,318.14954,True
2004-05-21,4,511.29337,True
2004-05-22,0,-481.72275,True
2004-05-22,1,125.59619,True
2004-05-22,2,189.76628,True
2004-05-22,3,206.14024,True
2004-05-22,4,422.68433,True
2004-05-23,0,-390.7214,False
2004-05-23,1,404.74844,False
2004-05-23,2,400.31073,False
2004-05-23,3,127.72213,False
2004-05-23,4,163.79683,False
2004-05-24,0,-231.99916,True
2004-05-24,1,385.2567,True
2004-05-24,2,475.6324,True
2004-05-24,3,112.9422,True
2004-05-24,4,159.85674,True
2004-05-25,0,-219.30441,True
2004-05-25,1,277.4675,True
2004-05-25,2,393.71622,True
2004-05-25,3,23.37627,True
2004-05-25,4,276.2896,True
2004-05-26,0,42.624184,True
2004-05-26,1,155.29921,True
2004-05-26,2,719.8964,True
2004-05-26,3,114.192665,True
2004-05-26,4,299.4,True
2004-05-27,0,496.94513,True
2004-05-27,1,311.33185,True
2004-05-27,2,712.422,True
2004-05-27,3,316.62335,True
2004-05-27,4,270.66357,True
2004-05-28,0,496.6949,True
2004-05-28,1,306.53644,True
2004-05-28,2,359.85544,True
2004-05-28,3,628.2448,True
2004-05-28,4,93.08521,True
2004-05-29,0,430.41522,True
2004-05-29,1,611.84894,True
2004-05-29,2,132.34793,True
2004-05-29,3,506.32672,True
2004-05-29,4,303.52838,True
2004-05-30,0,168.2191,True
2004-05-30,1,396.05557,True
2004-05-30,2,344.3233,True
2004-05-30,3,-88.94432,True
2004-05-30,4,325.96497,True
2004-05-31,0,218.05815,False
2004-05-31,1,-12.943149,False
2004-05-31,2,620.99994,False
2004-05-31,3,27.198011,False
2004-05-31,4,-58.117573,False
2005-05-17,0,446.9494,True
2005-05-17,1,1014.3969,True
2005-05-17,2,132.81914,True
2005-05-17,3,52.741077,True
2005-05-17,4,-270.58887,True
2005-05-18,0,220.6769,True
2005-05-18,1,878.53375,True
2005-05-18,2,47.828526,True
2005-05-18,3,-3.318096,True
2005-05-18,4,-237.37929,True
2005-05-19,0,213.30174,False
2005-05-19,1,603.95056,False
2005-05-19,2,-302.45935,False
2005-05-19,3,305.49313,False
2005-05-19,4,-307.8101,False
2005-05-20,0,275.66452,True
2005-05-20,1,168.78682,True
2005-05-20,2,-609.2518,True
2005-05-20,3,379.77634,True
2005-05-20,4,-335.4939,True
2005-05-21,0,228.44986,True
2005-05-21,1,61.62743,True
2005-05-21,2,-823.5338,True
2005-05-21,3,416.40326,True
2005-05-21,4,-372.34387,True
2005-05-22,0,366.04288,False
2005-05-22,1,-206.68428,False
2005-05-22,2,-595.0038,False
2005-05-22,3,324.66376,False
2005-05-22,4,-457.37607,False
2005-05-23,0,641.934,False
2005-05-23,1,-32.03859,False
2005-05-23,2,-511.7968,False
2005-05-23,3,425.97952,False
2005-05-23,4,-380.08896,False
2005-05-24,0,554.0656,True
2005-05-24,1,38.895588,True
2005-05-24,2,-556.96014,True
2005-05-24,3,104.54411,True
2005-05-24,4,-517.2855,True
2005-05-25,0,373.0342,False
2005-05-25,1,-299.4683,False
2005-05-25,2,-555.5748,False
2005-05-25,3,-237.4676,False
2005-05-25,4,-612.67035,False
2005-05-26,0,357.82416,False
2005-05-26,1,-484.97623,False
2005-05-26,2,-343.8178,False
2005-05-26,3,-343.06067,False
2005-05-26,4,-431.8087,False
2005-05-27,0,656.4878,False
2005-05-27,1,-428.29825,False
2005-05-27,2,190.68158,False
2005-05-27,3,-133.95494,False
2005-05-27,4,-160.60068,False
2005-05-28,0,797.2659,False
2005-05-28,1,-311.6565,False
2005-05-28,2,402.07156,False
2005-05-28,3,-52.15586,False
2005-05-28,4,-45.887978,False
2005-05-29,0,717.7902,False
2005-05-29,1,31.214827,False
2005-05-29,2,287.61926,False
2005-05-29,3,-106.461136,False
2005-05-29,4,-73.54918,False
2005-05-30,0,481.20657,True
2005-05-30,1,57.801006,True
2005-05-30,2,86.997734,True
2005-05-30,3,-321.60632,True
2005-05-30,4,-32.079517,True
2005-05-31,0,192.22409,True
2005-05-31,1,-155.5414,True
2005-05-31,2,-110.971466,True
2005-05-31,3,-327.441,True
2005-05-31,4,-101.23964,True
2006-05-17,0,1302.3566,False
2006-05-17,1,-588.27875,False
2006-05-17,2,-473.95416,False
2006-05-17,3,-520.1106,False
2006-05-17,4,-317.1732,False
2006-05-18,0,1607.1195,False
2006-05-18,1,-373.05685,False
2006-05-18,2,-268.49878,False
2006-05-18,3,-313.7466,False
2006-05-18,4,-253.5962,False
2006-05-19,0,1453.3912,False
2006-05-19,1,-209.99467,False
2006-05-19,2,-325.20126,False
2006-05-19,3,-112.68055,False
2006-05-19,4,-323.88168,False
2006-05-20,0,1134.4656,False
2006-05-20,1,156.73396,False
2006-05-20,2,-530.1917,False
2006-05-20,3,182.82028,False
2006-05-20,4,-30.785341,False
2006-05-21,0,991.14386,False
2006-05-21,1,385.2267,False
2006-05-21,2,-417.30484,False
2006-05-21,3,371.4895,False
2006-05-21,4,386.76373,False
2006-05-22,0,724.0539,False
2006-05-22,1,820.2385,False
2006-05-22,2,-656.8767,False
2006-05-22,3,190.87204,False
2006-05-22,4,491.9054,False
2006-05-23,0,296.06763,False
2006-05-23,1,710.0186,False
2006-05-23,2,-772.4514,False
2006-05-23,3,100.7559,False
2006-05-23,4,287.47357,False
2006-05-24,0,193.69856,False
2006-05-24,1,-23.963215,False
2006-05-24,2,-689.9447,False
2006-05-24,3,227.75977,False
2006-05-24,4,106.393585,False
2006-05-25,0,190.05826,False
2006-05-25,1,-284.29028,False
2006-05-25,2,-525.4086,False
2006-05-25,3,363.22778,False
2006-05-25,4,16.328552,False
2006-05-26,0,41.21941,False
2006-05-26,1,56.81767,False
2006-05-26,2,-271.7809,False
2006-05-26,3,294.72955,False
2006-05-26,4,-204.35957,False
2006-05-27,0,-240.51204,False
2006-05-27,1,667.1198,False
2006-05-27,2,-221.82666,False
2006-05-27,3,224.48204,False
2006-05-27,4,-215.83171,False
2006-05-28,0,-900.81305,False
2006-05-28,1,653.8187,False
2006-05-28,2,-32.233337,False
2006-05-28,3,-97.722206,False
2006-05-28,4,-14.247036,False
2006-05-29,0,-1233.3499,True
2006-05-29,1,126.013016,True
2006-05-29,2,-55.396126,True
2006-05-29,3,-47.676693,True
2006-05-29,4,-3.2141001,True
2006-05-30,0,-1136.4703,False
2006-05-30,1,-291.30878,False
2006-05-30,2,-78.52158,False
2006-05-30,3,-4.560291,False
2006-05-30,4,-60.949104,False
2006-05-31,0,-947.0351,False
2006-05-31,1,-717.0045,False
2006-05-31,2,-136.60701,False
2006-05-31,3,-29.749786,False
2006-05-31,4,-130.6737,False
2007-05-17,0,769.9193,False
2007-05-17,1,-220.02457,False
2007-05-17,2,-9.975576,False
2007-05-17,3,118.42694,False
2007-05-17,4,12.208794,False
2007-05-18,0,402.36398,True
2007-05-18,1,-253.28458,True
2007-05-18,2,-339.57047,True
2007-05-18,3,-49.713196,True
2007-05-18,4,-272.6258,True
2007-05-19,0,215.6359,False
2007-05-19,1,-206.02837,False
2007-05-19,2,-512.917,False
2007-05-19,3,-68.72031,False
2007-05-19,4,-351.65433,False
2007-05-20,0,196.05846,False
2007-05-20,1,-68.191376,False
2007-05-20,2,-529.7524,False
2007-05-20,3,-51.25861,False
2007-05-20,4,-294.04047,False
2007-05-21,0,188.09286,False
2007-05-21,1,390.95538,False
2007-05-21,2,-348.10703,False
2007-05-21,3,-46.515038,False
2007-05-21,4,-95.0274,False
2007-05-22,0,-272.02823,True
2007-05-22,1,372.66135,True
2007-05-22,2,74.73726,True
2007-05-22,3,-228.01317,True
2007-05-22,4,-35.61244,True
2007-05-23,0,-658.42993,True
2007-05-23,1,70.88517,True
2007-05-23,2,295.42065,True
2007-05-23,3,-395.90317,True
2007-05-23,4,-105.91586,True
2007-05-24,0,-850.8333,False
2007-05-24,1,-278.53848,False
2007-05-24,2,382.4525,False
2007-05-24,3,-223.86467,False
2007-05-24,4,-165.71144,False
2007-05-25,0,-787.9161,False
2007-05-25,1,-425.47855,False
2007-05-25,2,396.65286,False
2007-05-25,3,-15.672721,False
2007-05-25,4,-121.40044,False
2007-05-26,0,-474.20004,False
2007-05-26,1,-491.15454,False
2007-05-26,2,243.22438,False
2007-05-26,3,21.184143,False
2007-05-26,4,-21.48541,False
2007-05-27,0,-185.00781,False
2007-05-27,1,-454.2674,False
2007-05-27,2,237.86516,False
2007-05-27,3,84.66719,False
2007-05-27,4,56.64377,False
2007-05-28,0,-221.76024,False
2007-05-28,1,-263.32983,False
2007-05-28,2,62.026638,False
2007-05-28,3,242.8125,False
2007-05-28,4,7.2041574,False
2007-05-29,0,-418.33542,True
2007-05-29,1,-330.5284,True
2007-05-29,2,-98.81481,True
2007-05-29,3,-198.60739,True
2007-05-29,4,239.27959,True
2007-05-30,0,-663.24994,False
2007-05-30,1,-713.07965,False
2007-05-30,2,-21.84953,False
2007-05-30,3,-261.18503,False
2007-05-30,4,58.752724,False
2007-05-31,0,-598.49146,True
2007-05-31,1,-830.22546,True
2007-05-31,2,32.780216,True
2007-05-31,3,-226.4181,True
2007-05-31,4,28.941317,True
2008-05-17,0,1375.3668,False
2008-05-17,1,-810.62115,False
2008-05-17,2,-17.57017,False
2008-05-17,3,-345.67984,False
2008-05-17,4,315.30823,False
2008-05-18,0,1901.3258,False
2008-05-18,1,-580.1716,False
2008-05-18,2,138.9157,False
2008-05-18,3,-164.8633,False
2008-05-18,4,254.0523,False
2008-05-19,0,2102.5903,False
2008-05-19,1,-193.54282,False
2008-05-19,2,22.380363,False
2008-05-19,3,-82.47076,False
2008-05-19,4,-66.03847,False
2008-05-20,0,1819.8342,False
2008-05-20,1,-42.5544,False
2008-05-20,2,-140.39598,False
2008-05-20,3,114.868805,False
2008-05-20,4,108.882355,False
2008-05-21,0,1617.4244,False
2008-05-21,1,505.6899,False
2008-05-21,2,-150.9905,False
2008-05-21,3,350.80844,False
2008-05-21,4,-185.78917,False
2008-05-22,0,1276.7758,True
2008-05-22,1,1186.8478,True
2008-05-22,2,111.74978,True
2008-05-22,3,-502.67422,True
2008-05-22,4,-5.085239,True
2008-05-23,0,442.06842,True
2008-05-23,1,1517.3328,True
2008-05-23,2,4.7938437,True
2008-05-23,3,-1032.2838,True
2008-05-23,4,400.97995,True
2008-05-24,0,-176.2133,True
2008-05-24,1,1202.9802,True
2008-05-24,2,-308.41403,True
2008-05-24,3,-713.9869,True
2008-05-24,4,401.50226,True
2008-05-25,0,-385.89447,True
2008-05-25,1,753.3467,True
2008-05-25,2,-350.8128,True
2008-05-25,3,-485.27078,True
2008-05-25,4,264.0593,True
2008-05-26,0,-344.02286,True
2008-05-26,1,453.62225,True
2008-05-26,2,195.54865,True
2008-05-26,3,-105.19354,True
2008-05-26,4,352.34875,True
2008-05-27,0,-181.58624,True
2008-05-27,1,383.23535,True
2008-05-27,2,153.29698,True
2008-05-27,3,85.29546,True
2008-05-27,4,422.22354,True
2008-05-28,0,-49.73418,False
2008-05-28,1,338.7316,False
2008-05-28,2,-197.40378,False
2008-05-28,3,97.69871,False
2008-05-28,4,647.4516,False
2008-05-29,0,-311.5777,True
2008-05-29,1,185.46054,True
2008-05-29,2,-382.7862,True
2008-05-29,3,185.65376,True
2008-05-29,4,474.1593,True
2008-05-30,0,-277.46603,False
2008-05-30,1,77.64029,False
2008-05-30,2,-157.70798,False
2008-05-30,3,231.52884,False
2008-05-30,4,425.7341,False
2008-05-31,0,-64.874985,False
2008-05-31,1,-235.79239,False
2008-05-31,2,77.89817,False
2008-05-31,3,488.79068,False
2008-05-31,4,292.7849,False
2009-05-17,0,658.0189,False
2009-05-17,1,-722.98553,False
2009-05-17,2,425.9736,False
2009-05-17,3,238.13,False
2009-05-17,4,211.02078,False
2009-05-18,0,875.2924,False
2009-05-18,1,-686.1011,False
2009-05-18,2,-192.33342,False
2009-05-18,3,93.824196,False
2009-05-18,4,151.33948,False
2009-05-19,0,314.9974,False
2009-05-19,1,-377.5861,False
2009-05-19,2,-530.8884,False
2009-05-19,3,249.32628,False
2009-05-19,4,-19.273256,False
2009-05-20,0,-509.16858,False
2009-05-20,1,-58.235996,False
2009-05-20,2,-458.12805,False
2009-05-20,3,299.72757,False
2009-05-20,4,111.27048,False
2009-05-21,0,-883.5208,False
2009-05-21,1,-349.3963,False
2009-05-21,2,0.60817385,False
2009-05-21,3,63.080025,False
2009-05-21,4,-45.848286,False
2009-05-22,0,-531.5693,False
2009-05-22,1,-446.75647,False
2009-05-22,2,119.96442,False
2009-05-22,3,45.065964,False
2009-05-22,4,68.253365,False
2009-05-23,0,-206.09164,False
2009-05-23,1,-355.67258,False
2009-05-23,2,-13.101579,False
2009-05-23,3,-40.04486,False
2009-05-23,4,223.40598,False
2009-05-24,0,-62.420815,True
2009-05-24,1,-298.83853,True
2009-05-24,2,-47.52426,True
2009-05-24,3,-65.853096,True
2009-05-24,4,201.73836,True
2009-05-25,0,2.3681772,False
2009-05-25,1,-163.5577,False
2009-05-25,2,-91.30335,False
2009-05-25,3,-160.64577,False
2009-05-25,4,228.22417,False
2009-05-26,0,-48.054874,False
2009-05-26,1,-37.085793,False
2009-05-26,2,8.238349,False
2009-05-26,3,-366.23544,False
2009-05-26,4,130.71204,False
2009-05-27,0,-170.68573,False
2009-05-27,1,-297.69205,False
2009-05-27,2,109.628456,False
2009-05-27,3,-266.76825,False
2009-05-27,4,-79.85439,False
2009-05-28,0,16.37504,False
2009-05-28,1,-405.32587,False
2009-05-28,2,48.231724,False
2009-05-28,3,-250.74841,False
2009-05-28,4,-93.87649,False
2009-05-29,0,238.95149,False
2009-05-29,1,-546.70233,False
2009-05-29,2,40.280556,False
2009-05-29,3,-55.0323,False
2009-05-29,4,-31.988121,False
2009-05-30,0,672.22675,False
2009-05-30,1,-527.7728,False
2009-05-30,2,-74.368004,False
2009-05-30,3,133.89838,False
2009-05-30,4,221.91734,False
2009-05-31,0,946.55133,False
2009-05-31,1,-171.202,False
2009-05-31,2,-91.150955,False
2009-05-31,3,89.09618,False
2009-05-31,4,439.9106,False
2010-05-17,0,-136.49326,False
2010-05-17,1,91.28323,False
2010-05-17,2,-142.20639,False
2010-05-17,3,-160.80864,False
2010-05-17,4,7.6912913,False
2010-05-18,0,-204.98264,True
2010-05-18,1,244.60999,True
2010-05-18,2,-208.9388,True
2010-05-18,3,-50.965847,True
2010-05-18,4,-199.82254,True
2010-05-19,0,-34.631554,True
2010-05-19,1,261.92072,True
2010-05-19,2,-83.557365,True
2010-05-19,3,-164.94473,True
2010-05-19,4,-423.61926,True
2010-05-20,0,-30.361242,True
2010-05-20,1,361.08557,True
2010-05-20,2,-185.64914,True
2010-05-20,3,-73.32784,True
2010-05-20,4,-453.51788,True
2010-05-21,0,-306.8911,False
2010-05-21,1,385.62033,False
2010-05-21,2,-10.240697,False
2010-05-21,3,191.54956,False
2010-05-21,4,-285.5786,False
2010-05-22,0,-731.1802,True
2010-05-22,1,775.56134,True
2010-05-22,2,146.5125,True
2010-05-22,3,523.6311,True
2010-05-22,4,-392.11386,True
2010-05-23,0,-1081.1147,True
2010-05-23,1,982.09344,True
2010-05-23,2,165.6309,True
2010-05-23,3,141.93779,True
2010-05-23,4,-183.91718,True
2010-05-24,0,-1420.0743,True
2010-05-24,1,703.9671,True
2010-05-24,2,-24.45271,True
2010-05-24,3,-267.77863,True
2010-05-24,4,-174.20253,True
2010-05-25,0,-1459.9277,True
2010-05-25,1,295.47488,True
2010-05-25,2,-6.6576643,True
2010-05-25,3,-324.35156,True
2010-05-25,4,-499.44214,True
2010-05-26,0,-1230.1317,False
2010-05-26,1,204.37982,False
2010-05-26,2,-212.1781,False
2010-05-26,3,-7.6731987,False
2010-05-26,4,-464.76727,False
2010-05-27,0,-831.0146,False
2010-05-27,1,374.88144,False
2010-05-27,2,-614.6316,False
2010-05-27,3,30.47251,False
2010-05-27,4,-244.75243,False
2010-05-28,0,-615.2628,False
2010-05-28,1,405.18777,False
2010-05-28,2,-841.0842,False
2010-05-28,3,30.950064,False
2010-05-28,4,-192.68655,False
2010-05-29,0,-533.976,False
2010-05-29,1,69.184555,False
2010-05-29,2,-719.2727,False
2010-05-29,3,-173.32452,False
2010-05-29,4,-153.47443,False
2010-05-30,0,-425.6615,False
2010-05-30,1,-92.69388,False
2010-05-30,2,-341.23727,False
2010-05-30,3,-290.11325,False
2010-05-30,4,-8.309793,False
2010-05-31,0,-337.61288,True
2010-05-31,1,-90.65799,True
2010-05-31,2,-5.2921004,True
2010-05-31,3,89.80493,True
2010-05-31,4,140.28549,True
2011-05-17,0,139.44998,False
2011-05-17,1,1155.6826,False
2011-05-17,2,-146.83514,False
2011-05-17,3,-279.56107,False
2011-05-17,4,-864.7673,False
2011-05-18,0,-205.8533,False
2011-05-18,1,1124.5625,False
2011-05-18,2,128.81097,False
2011-05-18,3,-464.25458,False
2011-05-18,4,-1120.4016,False
2011-05-19,0,-325.40698,True
2011-05-19,1,795.97864,True
2011-05-19,2,399.92947,True
2011-05-19,3,-787.88416,True
2011-05-19,4,-659.09106,True
2011-05-20,0,-402.94095,False
2011-05-20,1,238.2504,False
2011-05-20,2,226.63048,False
2011-05-20,3,-794.78534,False
2011-05-20,4,-159.29547,False
2011-05-21,0,-302.195,True
2011-05-21,1,52.423363,True
2011-05-21,2,75.21814,True
2011-05-21,3,-602.681,True
2011-05-21,4,-175.01392,True
2011-05-22,0,-273.8474,True
2011-05-22,1,132.59229,True
2011-05-22,2,246.04951,True
2011-05-22,3,-216.6786,True
2011-05-22,4,-174.48567,True
2011-05-23,0,-233.10016,False
2011-05-23,1,255.71822,False
2011-05-23,2,408.04132,False
2011-05-23,3,107.20824,False
2011-05-23,4,-59.91986,False
2011-05-24,0,-52.88002,True
2011-05-24,1,404.19745,True
2011-05-24,2,357.1319,True
2011-05-24,3,163.33748,True
2011-05-24,4,82.41393,True
2011-05-25,0,24.818537,False
2011-05-25,1,137.6412,False
2011-05-25,2,319.48587,False
2011-05-25,3,78.56766,False
2011-05-25,4,96.250946,False
2011-05-26,0,0.1845118,False
2011-05-26,1,317.03058,False
2011-05-26,2,267.56555,False
2011-05-26,3,521.3468,False
2011-05-26,4,-276.5826,False
2011-05-27,0,-150.29697,False
2011-05-27,1,297.64883,False
2011-05-27,2,378.65237,False
2011-05-27,3,558.3667,False
2011-05-27,4,-465.33737,False
2011-05-28,0,-307.96698,False
2011-05-28,1,270.29932,False
2011-05-28,2,564.30927,False
2011-05-28,3,609.556,False
2011-05-28,4,-621.1214,False
2011-05-29,0,-427.56943,False
2011-05-29,1,740.8373,False
2011-05-29,2,704.83057,False
2011-05-29,3,639.19824,False
2011-05-29,4,-167.31926,False
2011-05-30,0,-1077.4614,True
2011-05-30,1,606.331,True
2011-05-30,2,385.9525,True
2011-05-30,3,122.81702,True
2011-05-30,4,275.48016,True
2011-05-31,0,-1447.4673,False
2011-05-31,1,242.51463,False
2011-05-31,2,117.03672,False
2011-05-31,3,294.23544,False
2011-05-31,4,66.327614,False
2012-05-17,0,469.33582,False
2012-05-17,1,-244.30243,False
2012-05-17,2,-163.29143,False
2012-05-17,3,152.2266,False
2012-05-17,4,-34.166714,False
2012-05-18,0,-51.664017,False
2012-05-18,1,240.67633,False
2012-05-18,2,-141.75578,False
2012-05-18,3,113.77082,False
2012-05-18,4,-126.56253,False
2012-05-19,0,-422.23572,True
2012-05-19,1,59.271427,True
2012-05-19,2,-2.7115881,True
2012-05-19,3,-147.57832,True
2012-05-19,4,-261.11975,True
2012-05-20,0,-583.4214,False
2012-05-20,1,-372.09885,False
2012-05-20,2,-40.930614,False
2012-05-20,3,-70.893364,False
2012-05-20,4,-368.8746,False
2012-05-21,0,-508.5814,False
2012-05-21,1,-745.22485,False
2012-05-21,2,-106.33515,False
2012-05-21,3,170.83269,False
2012-05-21,4,-462.77448,False
2012-05-22,0,-148.33948,False
2012-05-22,1,-540.3623,False
2012-05-22,2,-335.48038,False
2012-05-22,3,377.91333,False
2012-05-22,4,-567.08606,False
2012-05-23,0,-58.384434,False
2012-05-23,1,-31.542742,False
2012-05-23,2,-61.50438,False
2012-05-23,3,258.9575,False
2012-05-23,4,-588.1703,False
2012-05-24,0,-395.58694,True
2012-05-24,1,237.74892,True
2012-05-24,2,523.27936,True
2012-05-24,3,31.152788,True
2012-05-24,4,-576.9518,True
2012-05-25,0,-758.11237,True
2012-05-25,1,564.19366,True
2012-05-25,2,738.84076,True
2012-05-25,3,202.41621,True
2012-05-25,4,-510.33627,True
2012-05-26,0,-921.8048,False
2012-05-26,1,562.944,False
2012-05-26,2,247.63405,False
2012-05-26,3,286.72678,False
2012-05-26,4,352.1348,False
2012-05-27,0,-1088.3837,True
2012-05-27,1,281.20773,True
2012-05-27,2,-27.677977,True
2012-05-27,3,11.872993,True
2012-05-27,4,384.5635,True
2012-05-28,0,-817.9785,False
2012-05-28,1,33.96417,False
2012-05-28,2,238.59537,False
2012-05-28,3,34.67141,False
2012-05-28,4,121.78416,False
2012-05-29,0,-439.11353,False
2012-05-29,1,-127.390175,False
2012-05-29,2,430.57245,False
2012-05-29,3,397.97897,False
2012-05-29,4,-48.1617,False
2012-05-30,0,189.90448,True
2012-05-30,1,-307.9343,True
2012-05-30,2,345.71088,True
2012-05-30,3,459.32843,True
2012-05-30,4,-43.295017,True
2012-05-31,0,571.39777,False
2012-05-31,1,-515.7579,False
2012-05-31,2,265.415,False
2012-05-31,3,202.50407,False
2012-05-31,4,19.123816,False
2013-05-17,0,196.38744,True
2013-05-17,1,364.86563,True
2013-05-17,2,-141.11765,True
2013-05-17,3,134.94873,True
2013-05-17,4,170.21347,True
2013-05-18,0,-192.2527,True
2013-05-18,1,178.27217,True
2013-05-18,2,-240.9253,True
2013-05-18,3,39.44635,True
2013-05-18,4,180.01898,True
2013-05-19,0,-327.28568,True
2013-05-19,1,-103.58984,True
2013-05-19,2,-110.094185,True
2013-05-19,3,-84.22331,True
2013-05-19,4,16.149628,True
2013-05-20,0,-329.0117,True
2013-05-20,1,-332.27594,True
2013-05-20,2,269.3131,True
2013-05-20,3,-336.5108,True
2013-05-20,4,-16.471823,True
2013-05-21,0,-219.48929,False
2013-05-21,1,-381.3958,False
2013-05-21,2,380.04877,False
2013-05-21,3,-128.6032,False
2013-05-21,4,-139.94376,False
2013-05-22,0,-221.18298,False
2013-05-22,1,201.66716,False
2013-05-22,2,329.6436,False
2013-05-22,3,233.32776,False
2013-05-22,4,-391.65018,False
2013-05-23,0,-152.06476,True
2013-05-23,1,422.3175,True
2013-05-23,2,155.62387,True
2013-05-23,3,239.39566,True
2013-05-23,4,-255.75461,True
2013-05-24,0,29.207674,False
2013-05-24,1,363.8987,False
2013-05-24,2,-160.98413,False
2013-05-24,3,334.3931,False
2013-05-24,4,-90.60583,False
2013-05-25,0,52.82284,False
2013-05-25,1,262.16876,False
2013-05-25,2,-472.93732,False
2013-05-25,3,272.2372,False
2013-05-25,4,-64.88591,False
2013-05-26,0,68.80613,False
2013-05-26,1,210.94101,False
2013-05-26,2,-675.77673,False
2013-05-26,3,153.80249,False
2013-05-26,4,-24.307138,False
2013-05-27,0,-21.228416,True
2013-05-27,1,74.28401,True
2013-05-27,2,-547.8219,True
2013-05-27,3,137.09296,True
2013-05-27,4,188.40825,True
2013-05-28,0,-268.35086,True
2013-05-28,1,166.1787,True
2013-05-28,2,-125.8225,True
2013-05-28,3,179.22969,True
2013-05-28,4,-59.3001,True
2013-05-29,0,-477.4621,True
2013-05-29,1,65.664024,True
2013-05-29,2,298.39822,True
2013-05-29,3,62.987183,True
2013-05-29,4,-99.88713,True
2013-05-30,0,-707.2623,True
2013-05-30,1,70.65721,True
2013-05-30,2,408.30728,True
2013-05-30,3,12.270171,True
2013-05-30,4,-185.33876,True
2013-05-31,0,-745.1338,True
2013-05-31,1,-371.4632,True
2013-05-31,2,543.2264,True
2013-05-31,3,168.73596,True
2013-05-31,4,-266.4792,True
2014-05-17,0,851.853,False
2014-05-17,1,-406.22568,False
2014-05-17,2,710.10693,False
2014-05-17,3,155.76358,False
2014-05-17,4,-711.87976,False
2014-05-18,0,823.38007,False
2014-05-18,1,177.01964,False
2014-05-18,2,325.8835,False
2014-05-18,3,322.20786,False
2014-05-18,4,-416.17014,False
2014-05-19,0,411.14554,False
2014-05-19,1,582.33453,False
2014-05-19,2,-99.375084,False
2014-05-19,3,186.47148,False
2014-05-19,4,-277.44058,False
2014-05-20,0,28.442638,False
2014-05-20,1,507.49734,False
2014-05-20,2,-223.05765,False
2014-05-20,3,18.134758,False
2014-05-20,4,-40.13732,False
2014-05-21,0,-146.81685,True
2014-05-21,1,135.69165,True
2014-05-21,2,-160.69334,True
2014-05-21,3,-98.08772,True
2014-05-21,4,310.6746,True
2014-05-22,0,-66.273094,False
2014-05-22,1,-100.90415,False
2014-05-22,2,-166.13336,False
2014-05-22,3,-174.47475,False
2014-05-22,4,490.4101,False
2014-05-23,0,79.85927,False
2014-05-23,1,-292.9344,False
2014-05-23,2,-377.3527,False
2014-05-23,3,-225.39207,False
2014-05-23,4,370.36508,False
2014-05-24,0,-5.2412267,False
2014-05-24,1,-301.16135,False
2014-05-24,2,-496.68945,False
2014-05-24,3,-330.13138,False
2014-05-24,4,201.24374,False
2014-05-25,0,-60.72477,False
2014-05-25,1,-334.51462,False
2014-05-25,2,-396.42664,False
2014-05-25,3,-431.37747,False
2014-05-25,4,79.26487,False
2014-05-26,0,-183.1251,True
2014-05-26,1,-397.4046,True
2014-05-26,2,-337.87714,True
2014-05-26,3,-244.1151,True
2014-05-26,4,10.939223,True
2014-05-27,0,-248.8455,False
2014-05-27,1,-528.89087,False
2014-05-27,2,-379.56326,False
2014-05-27,3,80.81049,False
2014-05-27,4,22.521587,False
2014-05-28,0,-240.37239,False
2014-05-28,1,-406.38187,False
2014-05-28,2,-543.5148,False
2014-05-28,3,239.13446,False
2014-05-28,4,-128.21931,False
2014-05-29,0,-501.03763,False
2014-05-29,1,-341.3571,False
2014-05-29,2,-664.9356,False
2014-05-29,3,111.45748,False
2014-05-29,4,-142.51468,False
2014-05-30,0,-471.40198,False
2014-05-30,1,-318.427,False
2014-05-30,2,-696.9849,False
2014-05-30,3,-44.635082,False
2014-05-30,4,59.972782,False
2014-05-31,0,-474.9358,False
2014-05-31,1,-333.79788,False
2014-05-31,2,-768.7763,False
2014-05-31,3,-94.549965,False
2014-05-31,4,101.11986,False
2015-05-17,0,-789.3723,False
2015-05-17,1,313.58243,False
2015-05-17,2,417.2181,False
2015-05-17,3,-414.76495,False
2015-05-17,4,166.1209,False
2015-05-18,0,-831.79626,False
2015-05-18,1,-43.057148,False
2015-05-18,2,431.3632,False
2015-05-18,3,-52.319477,False
2015-05-18,4,118.56212,False
2015-05-19,0,-553.8811,True
2015-05-19,1,-113.02486,True
2015-05-19,2,192.22995,True
2015-05-19,3,59.36649,True
2015-05-19,4,268.77585,True
2015-05-20,0,-36.96349,False
2015-05-20,1,136.49817,False
2015-05-20,2,193.4757,False
2015-05-20,3,-76.232834,False
2015-05-20,4,429.5987,False
2015-05-21,0,382.1427,False
2015-05-21,1,366.40103,False
2015-05-21,2,101.31803,False
2015-05-21,3,-68.54302,False
2015-05-21,4,520.7214,False
2015-05-22,0,646.9836,False
2015-05-22,1,532.7727,False
2015-05-22,2,50.844448,False
2015-05-22,3,-67.10511,False
2015-05-22,4,534.29474,False
2015-05-23,0,365.1157,True
2015-05-23,1,417.30356,True
2015-05-23,2,-111.726845,True
2015-05-23,3,-252.15997,True
2015-05-23,4,767.2563,True
2015-05-24,0,-165.14108,True
2015-05-24,1,-84.339,True
2015-05-24,2,80.8269,True
2015-05-24,3,-360.47736,True
2015-05-24,4,622.8975,True
2015-05-25,0,-419.28613,False
2015-05-25,1,-115.62747,False
2015-05-25,2,341.49255,False
2015-05-25,3,-383.55148,False
2015-05-25,4,309.53735,False
2015-05-26,0,-593.8956,True
2015-05-26,1,-312.12518,True
2015-05-26,2,434.659,True
2015-05-26,3,-43.084755,True
2015-05-26,4,176.87027,True
2015-05-27,0,-612.841,True
2015-05-27,1,-557.0592,True
2015-05-27,2,339.63898,True
2015-05-27,3,130.91301,True
2015-05-27,4,101.98998,True
2015-05-28,0,-542.696,True
2015-05-28,1,-667.2382,True
2015-05-28,2,79.5373,True
2015-05-28,3,142.81966,True
2015-05-28,4,200.1306,True
2015-05-29,0,-668.7279,False
2015-05-29,1,-891.2905,False
2015-05-29,2,22.31323,False
2015-05-29,3,4.779707,False
2015-05-29,4,96.41928,False
2015-05-30,0,-553.9884,False
2015-05-30,1,-943.5507,False
2015-05-30,2,82.88537,False
2015-05-30,3,88.88976,False
2015-05-30,4,-45.275276,False
2015-05-31,0,-257.12018,False
2015-05-31,1,-814.06525,False
2015-05-31,2,-33.882492,False
2015-05-31,3,208.47696,False
2015-05-31,4,8.691323,False
2016-05-17,0,752.8471,False
2016-05-17,1,108.408806,False
2016-05-17,2,236.19482,False
2016-05-17,3,-338.25116,False
2016-05-17,4,361.0319,False
2016-05-18,0,414.73044,False
2016-05-18,1,-356.86526,False
2016-05-18,2,57.646038,False
2016-05-18,3,-441.44452,False
2016-05-18,4,274.7413,False
2016-05-19,0,256.09314,False
2016-05-19,1,-133.9473,False
2016-05-19,2,133.0989,False
2016-05-19,3,-219.13623,False
2016-05-19,4,-130.10023,False
2016-05-20,0,-33.713646,False
2016-05-20,1,501.8176,False
2016-05-20,2,115.10213,False
2016-05-20,3,-44.617207,False
2016-05-20,4,-219.79301,False
2016-05-21,0,-372.00333,True
2016-05-21,1,613.5719,True
2016-05-21,2,-85.644264,True
2016-05-21,3,151.99623,True
2016-05-21,4,-100.58507,True
2016-05-22,0,-177.20834,True
2016-05-22,1,590.4028,True
2016-05-22,2,-389.1606,True
2016-05-22,3,51.34235,True
2016-05-22,4,-83.46869,True
2016-05-23,0,-157.45331,True
2016-05-23,1,619.2706,True
2016-05-23,2,-280.0335,True
2016-05-23,3,-209.94899,True
2016-05-23,4,-399.12952,True
2016-05-24,0,-332.41,True
2016-05-24,1,576.5423,True
2016-05-24,2,-12.585517,True
2016-05-24,3,-276.7468,True
2016-05-24,4,-383.7368,True
2016-05-25,0,-476.66016,True
2016-05-25,1,273.29697,True
2016-05-25,2,-49.368805,True
2016-05-25,3,-60.733425,True
2016-05-25,4,131.00049,True
2016-05-26,0,-602.29877,True
2016-05-26,1,-204.27455,True
2016-05-26,2,180.82452,True
2016-05-26,3,-27.152988,True
2016-05-26,4,277.50537,True
2016-05-27,0,-582.7169,True
2016-05-27,1,-142.30675,True
2016-05-27,2,392.81686,True
2016-05-27,3,-173.97278,True
2016-05-27,4,-31.930069,True
2016-05-28,0,-669.35803,False
2016-05-28,1,-60.258522,False
2016-05-28,2,404.84952,False
2016-05-28,3,-208.77744,False
2016-05-28,4,-176.45396,False
2016-05-29,0,-883.3975,False
2016-05-29,1,-327.60095,False
2016-05-29,2,238.62695,False
2016-05-29,3,40.15496,False
2016-05-29,4,-100.525955,False
2016-05-30,0,-543.18835,True
2016-05-30,1,-553.4967,True
2016-05-30,2,100.63231,True
2016-05-30,3,205.78705,True
2016-05-30,4,-26.331009,True
2016-05-31,0,-225.989,True
2016-05-31,1,-617.1715,True
2016-05-31,2,143.66545,True
2016-05-31,3,-98.22012,True
2016-05-31,4,95.6809,True
2017-05-17,0,-489.64542,True
2017-05-17,1,747.451,True
2017-05-17,2,581.92444,True
2017-05-17,3,25.722181,True
2017-05-17,4,46.041283,True
2017-05-18,0,-485.2377,True
2017-05-18,1,228.09872,True
2017-05-18,2,911.8954,True
2017-05-18,3,-219.40625,True
2017-05-18,4,76.77567,True
2017-05-19,0,-294.19562,True
2017-05-19,1,-19.880327,True
2017-05-19,2,622.2759,True
2017-05-19,3,-278.81107,True
2017-05-19,4,340.68478,True
2017-05-20,0,-260.0498,False
2017-05-20,1,-197.09163,False
2017-05-20,2,396.38382,False
2017-05-20,3,-330.3975,False
2017-05-20,4,344.18558,False
2017-05-21,0,-406.93768,False
2017-05-21,1,-467.23132,False
2017-05-21,2,503.5105,False
2017-05-21,3,-267.12573,False
2017-05-21,4,92.21548,False
2017-05-22,0,-13.992222,False
2017-05-22,1,-805.2282,False
2017-05-22,2,544.0759,False
2017-05-22,3,7.1965013,False
2017-05-22,4,86.17317,False
2017-05-23,0,615.7737,False
2017-05-23,1,-795.7211,False
2017-05-23,2,581.3239,False
2017-05-23,3,-103.00254,False
2017-05-23,4,115.93026,False
2017-05-24,0,915.0311,False
2017-05-24,1,-556.35565,False
2017-05-24,2,354.69073,False
2017-05-24,3,-208.29901,False
2017-05-24,4,-366.2571,False
2017-05-25,0,612.38055,False
2017-05-25,1,309.279,False
2017-05-25,2,475.23987,False
2017-05-25,3,-53.18408,False
2017-05-25,4,-698.143,False
2017-05-26,0,319.12878,True
2017-05-26,1,448.83066,True
2017-05-26,2,310.2305,True
2017-05-26,3,-88.91235,True
2017-05-26,4,-305.36246,True
2017-05-27,0,56.743507,True
2017-05-27,1,-70.209785,True
2017-05-27,2,181.55159,True
2017-05-27,3,62.398376,True
2017-05-27,4,267.5524,True
2017-05-28,0,100.95512,False
2017-05-28,1,-566.81116,False
2017-05-28,2,196.3717,False
2017-05-28,3,38.40643,False
2017-05-28,4,295.72244,False
2017-05-29,0,377.85907,False
2017-05-29,1,-719.7104,False
2017-05-29,2,280.93344,False
2017-05-29,3,143.60619,False
2017-05-29,4,134.43675,False
2017-05-30,0,425.79333,False
2017-05-30,1,-574.18677,False
2017-05-30,2,388.3575,False
2017-05-30,3,186.09874,False
2017-05-30,4,180.57605,False
2017-05-31,0,413.93243,False
2017-05-31,1,-463.84,False
2017-05-31,2,216.5833,False
2017-05-31,3,332.87448,False
2017-05-31,4,145.99998,False
2018-05-17,0,-139.02737,False
2018-05-17,1,-189.50803,False
2018-05-17,2,-178.81693,False
2018-05-17,3,152.39043,False
2018-05-17,4,288.39587,False
2018-05-18,0,-282.65662,True
2018-05-18,1,-236.65111,True
2018-05-18,2,-104.655304,True
2018-05-18,3,-35.794678,True
2018-05-18,4,271.29233,True
2018-05-19,0,-601.9271,True
2018-05-19,1,-348.83252,True
2018-05-19,2,139.76102,True
2018-05-19,3,-110.885956,True
2018-05-19,4,-79.87883,True
2018-05-20,0,-400.10132,False
2018-05-20,1,-257.35092,False
2018-05-20,2,172.34335,False
2018-05-20,3,109.703415,False
2018-05-20,4,139.23024,False
2018-05-21,0,-329.04395,False
2018-05-21,1,-156.08397,False
2018-05-21,2,-156.8095,False
2018-05-21,3,83.983055,False
2018-05-21,4,395.044,False
2018-05-22,0,-382.85263,False
2018-05-22,1,-314.9209,False
2018-05-22,2,-71.84187,False
2018-05-22,3,-129.71317,False
2018-05-22,4,416.77106,False
2018-05-23,0,-287.67453,False
2018-05-23,1,-311.80713,False
2018-05-23,2,-219.57513,False
2018-05-23,3,-156.1095,False
2018-05-23,4,440.95718,False
2018-05-24,0,-432.17062,False
2018-05-24,1,-249.51222,False
2018-05-24,2,-541.2251,False
2018-05-24,3,7.7308593,False
2018-05-24,4,492.19226,False
2018-05-25,0,-557.4927,True
2018-05-25,1,-539.975,True
2018-05-25,2,-506.503,True
2018-05-25,3,206.05966,True
2018-05-25,4,328.30478,True
2018-05-26,0,-289.47943,False
2018-05-26,1,-361.6777,False
2018-05-26,2,-354.18216,False
2018-05-26,3,256.4616,False
2018-05-26,4,218.4537,False
2018-05-27,0,-395.0806,False
2018-05-27,1,-474.97653,False
2018-05-27,2,-319.3179,False
2018-05-27,3,-40.279285,False
2018-05-27,4,124.51722,False
2018-05-28,0,-565.0689,True
2018-05-28,1,-793.00696,True
2018-05-28,2,-422.65906,True
2018-05-28,3,-110.227196,True
2018-05-28,4,190.14427,True
2018-05-29,0,-635.58105,True
2018-05-29,1,-753.2967,True
2018-05-29,2,-340.46042,True
2018-05-29,3,-57.833645,True
2018-05-29,4,143.74522,True
2018-05-30,0,-818.693,False
2018-05-30,1,-442.4741,False
2018-05-30,2,-124.01532,False
2018-05-30,3,109.17829,False
2018-05-30,4,-141.39915,False
2018-05-31,0,-799.4653,True
2018-05-31,1,-203.2739,True
2018-05-31,2,2.4273822,True
2018-05-31,3,351.4381,True
2018-05-31,4,-202.18959,True
